file_id,category,musan_source,path,sr,channels,frames,duration_s,subtype,license,annotation_raw,genres,vocals,artist,composer,group,stratum,gender,language,speaker
music-fma-0000,music,fma,/content/musan_data/musan/music/fma/music-fma-0000.wav,16000,1,4767660,297.979,PCM_16,,electronica N Airglow,electronica,N,Airglow,,Airglow,electronica,,,
music-fma-0001,music,fma,/content/musan_data/musan/music/fma/music-fma-0001.wav,16000,1,3488705,218.044,PCM_16,,electronica N Airglow,electronica,N,Airglow,,Airglow,electronica,,,
music-fma-0002,music,fma,/content/musan_data/musan/music/fma/music-fma-0002.wav,16000,1,3992764,249.548,PCM_16,,electronica N Airglow,electronica,N,Airglow,,Airglow,electronica,,,
music-fma-0003,music,fma,/content/musan_data/musan/music/fma/music-fma-0003.wav,16000,1,5196487,324.78,PCM_16,,electronica N Airglow,electronica,N,Airglow,,Airglow,electronica,,,
music-fma-0004,music,fma,/content/musan_data/musan/music/fma/music-fma-0004.wav,16000,1,5156780,322.299,PCM_16,,electronica N Airglow,electronica,N,Airglow,,Airglow,electronica,,,
music-fma-0005,music,fma,/content/musan_data/musan/music/fma/music-fma-0005.wav,16000,1,4839967,302.498,PCM_16,,electronica N Airglow,electronica,N,Airglow,,Airglow,electronica,,,
music-fma-0006,music,fma,/content/musan_data/musan/music/fma/music-fma-0006.wav,16000,1,4554496,284.656,PCM_16,,pop Y Alecs_Band,pop,Y,Alecs_Band,,Alecs_Band,pop,,,
music-fma-0007,music,fma,/content/musan_data/musan/music/fma/music-fma-0007.wav,16000,1,4534432,283.402,PCM_16,,pop Y Alecs_Band,pop,Y,Alecs_Band,,Alecs_Band,pop,,,
music-fma-0008,music,fma,/content/musan_data/musan/music/fma/music-fma-0008.wav,16000,1,2916928,182.308,PCM_16,,pop Y Alecs_Band,pop,Y,Alecs_Band,,Alecs_Band,pop,,,
music-fma-0009,music,fma,/content/musan_data/musan/music/fma/music-fma-0009.wav,16000,1,5761136,360.071,PCM_16,,pop Y Alecs_Band,pop,Y,Alecs_Band,,Alecs_Band,pop,,,
music-fma-0010,music,fma,/content/musan_data/musan/music/fma/music-fma-0010.wav,16000,1,2330958,145.685,PCM_16,,blues N Arne_Huseby,blues,N,Arne_Huseby,,Arne_Huseby,blues,,,
music-fma-0011,music,fma,/content/musan_data/musan/music/fma/music-fma-0011.wav,16000,1,2366067,147.879,PCM_16,,blues N Arne_Huseby,blues,N,Arne_Huseby,,Arne_Huseby,blues,,,
music-fma-0012,music,fma,/content/musan_data/musan/music/fma/music-fma-0012.wav,16000,1,2720496,170.031,PCM_16,,hiphop Y BrokeMC,hiphop,Y,BrokeMC,,BrokeMC,hiphop,,,
music-fma-0013,music,fma,/content/musan_data/musan/music/fma/music-fma-0013.wav,16000,1,4435801,277.238,PCM_16,,hiphop Y BrokeMC,hiphop,Y,BrokeMC,,BrokeMC,hiphop,,,
music-fma-0014,music,fma,/content/musan_data/musan/music/fma/music-fma-0014.wav,16000,1,5092833,318.302,PCM_16,,hiphop Y BrokeMC,hiphop,Y,BrokeMC,,BrokeMC,hiphop,,,
music-fma-0015,music,fma,/content/musan_data/musan/music/fma/music-fma-0015.wav,16000,1,4865881,304.118,PCM_16,,hiphop Y BrokeMC,hiphop,Y,BrokeMC,,BrokeMC,hiphop,,,
music-fma-0016,music,fma,/content/musan_data/musan/music/fma/music-fma-0016.wav,16000,1,4940696,308.793,PCM_16,,hiphop Y BrokeMC,hiphop,Y,BrokeMC,,BrokeMC,hiphop,,,
music-fma-0017,music,fma,/content/musan_data/musan/music/fma/music-fma-0017.wav,16000,1,2804506,175.282,PCM_16,,country Y Bryan_Mathys,country,Y,Bryan_Mathys,,Bryan_Mathys,country,,,
music-fma-0018,music,fma,/content/musan_data/musan/music/fma/music-fma-0018.wav,16000,1,3593195,224.575,PCM_16,,country Y Bryan_Mathys,country,Y,Bryan_Mathys,,Bryan_Mathys,country,,,
music-fma-0019,music,fma,/content/musan_data/musan/music/fma/music-fma-0019.wav,16000,1,3814296,238.393,PCM_16,,country Y Bryan_Mathys,country,Y,Bryan_Mathys,,Bryan_Mathys,country,,,
music-fma-0020,music,fma,/content/musan_data/musan/music/fma/music-fma-0020.wav,16000,1,3535935,220.996,PCM_16,,country Y Bryan_Mathys,country,Y,Bryan_Mathys,,Bryan_Mathys,country,,,
music-fma-0021,music,fma,/content/musan_data/musan/music/fma/music-fma-0021.wav,16000,1,4037888,252.368,PCM_16,,"pop,rock,dance Y buenosaires","pop,rock,dance",Y,buenosaires,,buenosaires,pop,,,
music-fma-0022,music,fma,/content/musan_data/musan/music/fma/music-fma-0022.wav,16000,1,3322768,207.673,PCM_16,,"pop,rock,dance Y buenosaires","pop,rock,dance",Y,buenosaires,,buenosaires,pop,,,
music-fma-0023,music,fma,/content/musan_data/musan/music/fma/music-fma-0023.wav,16000,1,3645856,227.866,PCM_16,,"pop,rock,dance Y buenosaires","pop,rock,dance",Y,buenosaires,,buenosaires,pop,,,
music-fma-0024,music,fma,/content/musan_data/musan/music/fma/music-fma-0024.wav,16000,1,3813456,238.341,PCM_16,,"pop,rock,dance Y buenosaires","pop,rock,dance",Y,buenosaires,,buenosaires,pop,,,
music-fma-0025,music,fma,/content/musan_data/musan/music/fma/music-fma-0025.wav,16000,1,2668240,166.765,PCM_16,,"pop,rock,dance Y buenosaires","pop,rock,dance",Y,buenosaires,,buenosaires,pop,,,
music-fma-0026,music,fma,/content/musan_data/musan/music/fma/music-fma-0026.wav,16000,1,5288020,330.501,PCM_16,,blues Y Cullah,blues,Y,Cullah,,Cullah,blues,,,
music-fma-0027,music,fma,/content/musan_data/musan/music/fma/music-fma-0027.wav,16000,1,3766230,235.389,PCM_16,,,,,,,music-fma-0027,unknown,,,
music-fma-0028,music,fma,/content/musan_data/musan/music/fma/music-fma-0028.wav,16000,1,4468820,279.301,PCM_16,,,,,,,music-fma-0028,unknown,,,
music-fma-0029,music,fma,/content/musan_data/musan/music/fma/music-fma-0029.wav,16000,1,4320444,270.028,PCM_16,,"pop,electronica N Fabian_Measures","pop,electronica",N,Fabian_Measures,,Fabian_Measures,pop,,,
music-fma-0030,music,fma,/content/musan_data/musan/music/fma/music-fma-0030.wav,16000,1,2816627,176.039,PCM_16,,"pop,electronica N Fabian_Measures","pop,electronica",N,Fabian_Measures,,Fabian_Measures,pop,,,
music-fma-0031,music,fma,/content/musan_data/musan/music/fma/music-fma-0031.wav,16000,1,3456522,216.033,PCM_16,,"pop,electronica N Fabian_Measures","pop,electronica",N,Fabian_Measures,,Fabian_Measures,pop,,,
music-fma-0032,music,fma,/content/musan_data/musan/music/fma/music-fma-0032.wav,16000,1,2548715,159.295,PCM_16,,"pop,electronica N Fabian_Measures","pop,electronica",N,Fabian_Measures,,Fabian_Measures,pop,,,
music-fma-0033,music,fma,/content/musan_data/musan/music/fma/music-fma-0033.wav,16000,1,2381531,148.846,PCM_16,,"pop,electronica N Fabian_Measures","pop,electronica",N,Fabian_Measures,,Fabian_Measures,pop,,,
music-fma-0034,music,fma,/content/musan_data/musan/music/fma/music-fma-0034.wav,16000,1,4838288,302.393,PCM_16,,"rock,folk N Factory_Sounds","rock,folk",N,Factory_Sounds,,Factory_Sounds,rock,,,
music-fma-0035,music,fma,/content/musan_data/musan/music/fma/music-fma-0035.wav,16000,1,3145968,196.623,PCM_16,,"rock,folk N Factory_Sounds","rock,folk",N,Factory_Sounds,,Factory_Sounds,rock,,,
music-fma-0036,music,fma,/content/musan_data/musan/music/fma/music-fma-0036.wav,16000,1,4549888,284.368,PCM_16,,"rock,folk N Factory_Sounds","rock,folk",N,Factory_Sounds,,Factory_Sounds,rock,,,
music-fma-0037,music,fma,/content/musan_data/musan/music/fma/music-fma-0037.wav,16000,1,4702448,293.903,PCM_16,,"rock,folk N Factory_Sounds","rock,folk",N,Factory_Sounds,,Factory_Sounds,rock,,,
music-fma-0038,music,fma,/content/musan_data/musan/music/fma/music-fma-0038.wav,16000,1,5236608,327.288,PCM_16,,"rock,folk N Factory_Sounds","rock,folk",N,Factory_Sounds,,Factory_Sounds,rock,,,
music-fma-0039,music,fma,/content/musan_data/musan/music/fma/music-fma-0039.wav,16000,1,4302464,268.904,PCM_16,,"rock,folk N Factory_Sounds","rock,folk",N,Factory_Sounds,,Factory_Sounds,rock,,,
music-fma-0040,music,fma,/content/musan_data/musan/music/fma/music-fma-0040.wav,16000,1,1600768,100.048,PCM_16,,"rock,folk N Factory_Sounds","rock,folk",N,Factory_Sounds,,Factory_Sounds,rock,,,
music-fma-0041,music,fma,/content/musan_data/musan/music/fma/music-fma-0041.wav,16000,1,2627280,164.205,PCM_16,,"rock,folk N Factory_Sounds","rock,folk",N,Factory_Sounds,,Factory_Sounds,rock,,,
music-fma-0042,music,fma,/content/musan_data/musan/music/fma/music-fma-0042.wav,16000,1,4591282,286.955,PCM_16,,"hiphop,rap Y Hi_Rez","hiphop,rap",Y,Hi_Rez,,Hi_Rez,hiphop,,,
music-fma-0043,music,fma,/content/musan_data/musan/music/fma/music-fma-0043.wav,16000,1,3713149,232.072,PCM_16,,"hiphop,rap Y Hi_Rez","hiphop,rap",Y,Hi_Rez,,Hi_Rez,hiphop,,,
music-fma-0044,music,fma,/content/musan_data/musan/music/fma/music-fma-0044.wav,16000,1,3979807,248.738,PCM_16,,"hiphop,rap Y Hi_Rez","hiphop,rap",Y,Hi_Rez,,Hi_Rez,hiphop,,,
music-fma-0045,music,fma,/content/musan_data/musan/music/fma/music-fma-0045.wav,16000,1,3314834,207.177,PCM_16,,"hiphop,rap Y Hi_Rez","hiphop,rap",Y,Hi_Rez,,Hi_Rez,hiphop,,,
music-fma-0046,music,fma,/content/musan_data/musan/music/fma/music-fma-0046.wav,16000,1,4034978,252.186,PCM_16,,"hiphop,rap Y Hi_Rez","hiphop,rap",Y,Hi_Rez,,Hi_Rez,hiphop,,,
music-fma-0047,music,fma,/content/musan_data/musan/music/fma/music-fma-0047.wav,16000,1,2669923,166.87,PCM_16,,"hiphop,rap Y Hi_Rez","hiphop,rap",Y,Hi_Rez,,Hi_Rez,hiphop,,,
music-fma-0048,music,fma,/content/musan_data/musan/music/fma/music-fma-0048.wav,16000,1,2888928,180.558,PCM_16,,"indierock,folk,pop N Jahzzar","indierock,folk,pop",N,Jahzzar,,Jahzzar,indierock,,,
music-fma-0049,music,fma,/content/musan_data/musan/music/fma/music-fma-0049.wav,16000,1,3719824,232.489,PCM_16,,"indierock,folk,pop N Jahzzar","indierock,folk,pop",N,Jahzzar,,Jahzzar,indierock,,,
music-fma-0050,music,fma,/content/musan_data/musan/music/fma/music-fma-0050.wav,16000,1,2997603,187.35,PCM_16,,"pop,experimental N Jahzzar","pop,experimental",N,Jahzzar,,Jahzzar,pop,,,
music-fma-0051,music,fma,/content/musan_data/musan/music/fma/music-fma-0051.wav,16000,1,4098508,256.157,PCM_16,,"folk,pop N Jahzzar","folk,pop",N,Jahzzar,,Jahzzar,folk,,,
music-fma-0052,music,fma,/content/musan_data/musan/music/fma/music-fma-0052.wav,16000,1,2230640,139.415,PCM_16,,"indierock,folk,pop N Jahzzar","indierock,folk,pop",N,Jahzzar,,Jahzzar,indierock,,,
music-fma-0053,music,fma,/content/musan_data/musan/music/fma/music-fma-0053.wav,16000,1,3842717,240.17,PCM_16,,"pop,experimental N Jahzzar","pop,experimental",N,Jahzzar,,Jahzzar,pop,,,
music-fma-0054,music,fma,/content/musan_data/musan/music/fma/music-fma-0054.wav,16000,1,4466730,279.171,PCM_16,,blues N Jahzzar,blues,N,Jahzzar,,Jahzzar,blues,,,
music-fma-0055,music,fma,/content/musan_data/musan/music/fma/music-fma-0055.wav,16000,1,4268192,266.762,PCM_16,,"indierock,folk,pop N Jahzzar","indierock,folk,pop",N,Jahzzar,,Jahzzar,indierock,,,
music-fma-0056,music,fma,/content/musan_data/musan/music/fma/music-fma-0056.wav,16000,1,5417168,338.573,PCM_16,,"indierock,folk,pop N Jahzzar","indierock,folk,pop",N,Jahzzar,,Jahzzar,indierock,,,
music-fma-0057,music,fma,/content/musan_data/musan/music/fma/music-fma-0057.wav,16000,1,3493296,218.331,PCM_16,,"indierock,folk,pop N Jahzzar","indierock,folk,pop",N,Jahzzar,,Jahzzar,indierock,,,
music-fma-0058,music,fma,/content/musan_data/musan/music/fma/music-fma-0058.wav,16000,1,2454256,153.391,PCM_16,,"country,folk N Jason","country,folk",N,Jason,,Jason,country,,,
music-fma-0059,music,fma,/content/musan_data/musan/music/fma/music-fma-0059.wav,16000,1,2446733,152.921,PCM_16,,"country,folk N Jason","country,folk",N,Jason,,Jason,country,,,
music-fma-0060,music,fma,/content/musan_data/musan/music/fma/music-fma-0060.wav,16000,1,2134936,133.434,PCM_16,,"country,folk N Jason","country,folk",N,Jason,,Jason,country,,,
music-fma-0061,music,fma,/content/musan_data/musan/music/fma/music-fma-0061.wav,16000,1,2488947,155.559,PCM_16,,"country,folk N Jason","country,folk",N,Jason,,Jason,country,,,
music-fma-0062,music,fma,/content/musan_data/musan/music/fma/music-fma-0062.wav,16000,1,2580480,161.28,PCM_16,,"hiphop,rap Y J_Mano","hiphop,rap",Y,J_Mano,,J_Mano,hiphop,,,
music-fma-0063,music,fma,/content/musan_data/musan/music/fma/music-fma-0063.wav,16000,1,3865696,241.606,PCM_16,,"hiphop,rap Y J_Mano","hiphop,rap",Y,J_Mano,,J_Mano,hiphop,,,
music-fma-0064,music,fma,/content/musan_data/musan/music/fma/music-fma-0064.wav,16000,1,3241264,202.579,PCM_16,,"hiphop,rap Y J_Mano","hiphop,rap",Y,J_Mano,,J_Mano,hiphop,,,
music-fma-0065,music,fma,/content/musan_data/musan/music/fma/music-fma-0065.wav,16000,1,3769152,235.572,PCM_16,,"hiphop,rap Y J_Mano","hiphop,rap",Y,J_Mano,,J_Mano,hiphop,,,
music-fma-0066,music,fma,/content/musan_data/musan/music/fma/music-fma-0066.wav,16000,1,2631040,164.44,PCM_16,,"hiphop,rap Y J_Mano","hiphop,rap",Y,J_Mano,,J_Mano,hiphop,,,
music-fma-0067,music,fma,/content/musan_data/musan/music/fma/music-fma-0067.wav,16000,1,4432032,277.002,PCM_16,,"pop,folk Y Josh_Woodward","pop,folk",Y,Josh_Woodward,,Josh_Woodward,pop,,,
music-fma-0068,music,fma,/content/musan_data/musan/music/fma/music-fma-0068.wav,16000,1,4018672,251.167,PCM_16,,"pop,folk Y Josh_Woodward","pop,folk",Y,Josh_Woodward,,Josh_Woodward,pop,,,
music-fma-0069,music,fma,/content/musan_data/musan/music/fma/music-fma-0069.wav,16000,1,3608656,225.541,PCM_16,,"pop,folk Y Josh_Woodward","pop,folk",Y,Josh_Woodward,,Josh_Woodward,pop,,,
music-fma-0070,music,fma,/content/musan_data/musan/music/fma/music-fma-0070.wav,16000,1,3776261,236.016,PCM_16,,"pop,folk N Josh_Woodward","pop,folk",N,Josh_Woodward,,Josh_Woodward,pop,,,
music-fma-0071,music,fma,/content/musan_data/musan/music/fma/music-fma-0071.wav,16000,1,3939680,246.23,PCM_16,,"pop,folk Y Josh_Woodward","pop,folk",Y,Josh_Woodward,,Josh_Woodward,pop,,,
music-fma-0072,music,fma,/content/musan_data/musan/music/fma/music-fma-0072.wav,16000,1,2091050,130.691,PCM_16,,"pop,folk N Josh_Woodward","pop,folk",N,Josh_Woodward,,Josh_Woodward,pop,,,
music-fma-0073,music,fma,/content/musan_data/musan/music/fma/music-fma-0073.wav,16000,1,3667584,229.224,PCM_16,,"pop,folk Y Josh_Woodward","pop,folk",Y,Josh_Woodward,,Josh_Woodward,pop,,,
music-fma-0074,music,fma,/content/musan_data/musan/music/fma/music-fma-0074.wav,16000,1,5550498,346.906,PCM_16,,"hiphop,rap Y Kellee_Maize","hiphop,rap",Y,Kellee_Maize,,Kellee_Maize,hiphop,,,
music-fma-0075,music,fma,/content/musan_data/musan/music/fma/music-fma-0075.wav,16000,1,4875494,304.718,PCM_16,,"hiphop,rap Y Kellee_Maize","hiphop,rap",Y,Kellee_Maize,,Kellee_Maize,hiphop,,,
music-fma-0076,music,fma,/content/musan_data/musan/music/fma/music-fma-0076.wav,16000,1,3775007,235.938,PCM_16,,"hiphop,rap Y Kellee_Maize","hiphop,rap",Y,Kellee_Maize,,Kellee_Maize,hiphop,,,
music-fma-0077,music,fma,/content/musan_data/musan/music/fma/music-fma-0077.wav,16000,1,4110629,256.914,PCM_16,,"hiphop,rap Y Kellee_Maize","hiphop,rap",Y,Kellee_Maize,,Kellee_Maize,hiphop,,,
music-fma-0078,music,fma,/content/musan_data/musan/music/fma/music-fma-0078.wav,16000,1,4790230,299.389,PCM_16,,"hiphop,rap Y Kellee_Maize","hiphop,rap",Y,Kellee_Maize,,Kellee_Maize,hiphop,,,
music-fma-0079,music,fma,/content/musan_data/musan/music/fma/music-fma-0079.wav,16000,1,3560176,222.511,PCM_16,,"hiphop,rap Y Kellee_Maize","hiphop,rap",Y,Kellee_Maize,,Kellee_Maize,hiphop,,,
music-fma-0080,music,fma,/content/musan_data/musan/music/fma/music-fma-0080.wav,16000,1,3456522,216.033,PCM_16,,"hiphop,rap Y Kellee_Maize","hiphop,rap",Y,Kellee_Maize,,Kellee_Maize,hiphop,,,
music-fma-0081,music,fma,/content/musan_data/musan/music/fma/music-fma-0081.wav,16000,1,4512704,282.044,PCM_16,,folk Y Kelly_Latimore,folk,Y,Kelly_Latimore,,Kelly_Latimore,folk,,,
music-fma-0082,music,fma,/content/musan_data/musan/music/fma/music-fma-0082.wav,16000,1,1185328,74.083,PCM_16,,folk Y Kelly_Latimore,folk,Y,Kelly_Latimore,,Kelly_Latimore,folk,,,
music-fma-0083,music,fma,/content/musan_data/musan/music/fma/music-fma-0083.wav,16000,1,4144480,259.03,PCM_16,,folk Y Kelly_Latimore,folk,Y,Kelly_Latimore,,Kelly_Latimore,folk,,,
music-fma-0084,music,fma,/content/musan_data/musan/music/fma/music-fma-0084.wav,16000,1,4160768,260.048,PCM_16,,folk Y Kelly_Latimore,folk,Y,Kelly_Latimore,,Kelly_Latimore,folk,,,
music-fma-0085,music,fma,/content/musan_data/musan/music/fma/music-fma-0085.wav,16000,1,1257216,78.576,PCM_16,,,,,,,music-fma-0085,unknown,,,
music-fma-0086,music,fma,/content/musan_data/musan/music/fma/music-fma-0086.wav,16000,1,4795648,299.728,PCM_16,,folk Y Kelly_Latimore,folk,Y,Kelly_Latimore,,Kelly_Latimore,folk,,,
music-fma-0087,music,fma,/content/musan_data/musan/music/fma/music-fma-0087.wav,16000,1,2566672,160.417,PCM_16,,folk Y Kelly_Latimore,folk,Y,Kelly_Latimore,,Kelly_Latimore,folk,,,
music-fma-0088,music,fma,/content/musan_data/musan/music/fma/music-fma-0088.wav,16000,1,2684970,167.811,PCM_16,,"blues,rock,indierock Y Lorenzo","blues,rock,indierock",Y,Lorenzo,,Lorenzo,blues,,,
music-fma-0089,music,fma,/content/musan_data/musan/music/fma/music-fma-0089.wav,16000,1,2985482,186.593,PCM_16,,"blues,rock,indierock Y Lorenzo","blues,rock,indierock",Y,Lorenzo,,Lorenzo,blues,,,
music-fma-0090,music,fma,/content/musan_data/musan/music/fma/music-fma-0090.wav,16000,1,3675115,229.695,PCM_16,,"blues,rock,indierock Y Lorenzo","blues,rock,indierock",Y,Lorenzo,,Lorenzo,blues,,,
music-fma-0091,music,fma,/content/musan_data/musan/music/fma/music-fma-0091.wav,16000,1,3852330,240.771,PCM_16,,"blues,rock,indierock Y Lorenzo","blues,rock,indierock",Y,Lorenzo,,Lorenzo,blues,,,
music-fma-0092,music,fma,/content/musan_data/musan/music/fma/music-fma-0092.wav,16000,1,4118152,257.385,PCM_16,,hiphop Y Cullah,hiphop,Y,Cullah,,Cullah,hiphop,,,
music-fma-0093,music,fma,/content/musan_data/musan/music/fma/music-fma-0093.wav,16000,1,3494557,218.41,PCM_16,,hiphop Y Cullah,hiphop,Y,Cullah,,Cullah,hiphop,,,
music-fma-0094,music,fma,/content/musan_data/musan/music/fma/music-fma-0094.wav,16000,1,4353040,272.065,PCM_16,,hiphop Y Cullah,hiphop,Y,Cullah,,Cullah,hiphop,,,
music-fma-0095,music,fma,/content/musan_data/musan/music/fma/music-fma-0095.wav,16000,1,3233750,202.109,PCM_16,,pop Y Morgan_Sadler,pop,Y,Morgan_Sadler,,Morgan_Sadler,pop,,,
music-fma-0096,music,fma,/content/musan_data/musan/music/fma/music-fma-0096.wav,16000,1,3267605,204.225,PCM_16,,pop Y Morgan_Sadler,pop,Y,Morgan_Sadler,,Morgan_Sadler,pop,,,
music-fma-0097,music,fma,/content/musan_data/musan/music/fma/music-fma-0097.wav,16000,1,3876560,242.285,PCM_16,,"pop,electronica Y Quiet_Music_for_Tiny_Robots","pop,electronica",Y,Quiet_Music_for_Tiny_Robots,,Quiet_Music_for_Tiny_Robots,pop,,,
music-fma-0098,music,fma,/content/musan_data/musan/music/fma/music-fma-0098.wav,16000,1,3225376,201.586,PCM_16,,"pop,electronica N Quiet_Music_for_Tiny_Robots","pop,electronica",N,Quiet_Music_for_Tiny_Robots,,Quiet_Music_for_Tiny_Robots,pop,,,
music-fma-0099,music,fma,/content/musan_data/musan/music/fma/music-fma-0099.wav,16000,1,2735952,170.997,PCM_16,,"pop,electronica Y Quiet_Music_for_Tiny_Robots","pop,electronica",Y,Quiet_Music_for_Tiny_Robots,,Quiet_Music_for_Tiny_Robots,pop,,,
music-fma-0100,music,fma,/content/musan_data/musan/music/fma/music-fma-0100.wav,16000,1,769040,48.065,PCM_16,,"pop,electronica N Quiet_Music_for_Tiny_Robots","pop,electronica",N,Quiet_Music_for_Tiny_Robots,,Quiet_Music_for_Tiny_Robots,pop,,,
music-fma-0101,music,fma,/content/musan_data/musan/music/fma/music-fma-0101.wav,16000,1,4200072,262.505,PCM_16,,"pop,electronica N Rolemusic","pop,electronica",N,Rolemusic,,Rolemusic,pop,,,
music-fma-0102,music,fma,/content/musan_data/musan/music/fma/music-fma-0102.wav,16000,1,3392157,212.01,PCM_16,,"pop,electronica N Rolemusic","pop,electronica",N,Rolemusic,,Rolemusic,pop,,,
music-fma-0103,music,fma,/content/musan_data/musan/music/fma/music-fma-0103.wav,16000,1,2575882,160.993,PCM_16,,"pop,electronica N Rolemusic","pop,electronica",N,Rolemusic,,Rolemusic,pop,,,
music-fma-0104,music,fma,/content/musan_data/musan/music/fma/music-fma-0104.wav,16000,1,3168549,198.034,PCM_16,,pop Y The_Copycuts,pop,Y,The_Copycuts,,The_Copycuts,pop,,,
music-fma-0105,music,fma,/content/musan_data/musan/music/fma/music-fma-0105.wav,16000,1,3260500,203.781,PCM_16,,pop Y The_Copycuts,pop,Y,The_Copycuts,,The_Copycuts,pop,,,
music-fma-0106,music,fma,/content/musan_data/musan/music/fma/music-fma-0106.wav,16000,1,3189447,199.34,PCM_16,,pop Y The_Copycuts,pop,Y,The_Copycuts,,The_Copycuts,pop,,,
music-fma-0107,music,fma,/content/musan_data/musan/music/fma/music-fma-0107.wav,16000,1,2970436,185.652,PCM_16,,"folk,indierock Y The_Freak","folk,indierock",Y,The_Freak,,The_Freak,folk,,,
music-fma-0108,music,fma,/content/musan_data/musan/music/fma/music-fma-0108.wav,16000,1,2824150,176.509,PCM_16,,"folk,indierock Y The_Freak","folk,indierock",Y,The_Freak,,The_Freak,folk,,,
music-fma-0109,music,fma,/content/musan_data/musan/music/fma/music-fma-0109.wav,16000,1,3725270,232.829,PCM_16,,"folk,indierock Y The_Freak","folk,indierock",Y,The_Freak,,The_Freak,folk,,,
music-fma-0110,music,fma,/content/musan_data/musan/music/fma/music-fma-0110.wav,16000,1,3615347,225.959,PCM_16,,"folk,indierock Y The_Freak","folk,indierock",Y,The_Freak,,The_Freak,folk,,,
music-fma-0111,music,fma,/content/musan_data/musan/music/fma/music-fma-0111.wav,16000,1,3817639,238.602,PCM_16,,"folk,indierock Y The_Freak","folk,indierock",Y,The_Freak,,The_Freak,folk,,,
music-fma-0112,music,fma,/content/musan_data/musan/music/fma/music-fma-0112.wav,16000,1,3674697,229.669,PCM_16,,folk Y Three_Jolly_Rogues,folk,Y,Three_Jolly_Rogues,,Three_Jolly_Rogues,folk,,,
music-fma-0113,music,fma,/content/musan_data/musan/music/fma/music-fma-0113.wav,16000,1,2835853,177.241,PCM_16,,hiphop Y Tricky_Diesel,hiphop,Y,Tricky_Diesel,,Tricky_Diesel,hiphop,,,
music-fma-0114,music,fma,/content/musan_data/musan/music/fma/music-fma-0114.wav,16000,1,3308565,206.785,PCM_16,,hiphop N Tricky_Diesel,hiphop,N,Tricky_Diesel,,Tricky_Diesel,hiphop,,,
music-fma-0115,music,fma,/content/musan_data/musan/music/fma/music-fma-0115.wav,16000,1,2659056,166.191,PCM_16,,hiphop N Tricky_Diesel,hiphop,N,Tricky_Diesel,,Tricky_Diesel,hiphop,,,
music-fma-0116,music,fma,/content/musan_data/musan/music/fma/music-fma-0116.wav,16000,1,1329528,83.096,PCM_16,,hiphop Y Tricky_Diesel,hiphop,Y,Tricky_Diesel,,Tricky_Diesel,hiphop,,,
music-fma-0117,music,fma,/content/musan_data/musan/music/fma/music-fma-0117.wav,16000,1,1950198,121.887,PCM_16,,hiphop N Tricky_Diesel,hiphop,N,Tricky_Diesel,,Tricky_Diesel,hiphop,,,
music-fma-0118,music,fma,/content/musan_data/musan/music/fma/music-fma-0118.wav,16000,1,2722160,170.135,PCM_16,,"jazz,blues N US_Army_Blues","jazz,blues",N,US_Army_Blues,,US_Army_Blues,jazz,,,
music-fma-0119,music,fma,/content/musan_data/musan/music/fma/music-fma-0119.wav,16000,1,11240592,702.537,PCM_16,,"jazz,blues N US_Army_Blues","jazz,blues",N,US_Army_Blues,,US_Army_Blues,jazz,,,
music-fma-0120,music,fma,/content/musan_data/musan/music/fma/music-fma-0120.wav,16000,1,8008512,500.532,PCM_16,,"jazz,blues N US_Army_Blues","jazz,blues",N,US_Army_Blues,,US_Army_Blues,jazz,,,
music-fma-0121,music,fma,/content/musan_data/musan/music/fma/music-fma-0121.wav,16000,1,10481984,655.124,PCM_16,,"jazz,blues N US_Army_Blues","jazz,blues",N,US_Army_Blues,,US_Army_Blues,jazz,,,
music-fma-0122,music,fma,/content/musan_data/musan/music/fma/music-fma-0122.wav,16000,1,7055568,440.973,PCM_16,,"jazz,blues N US_Army_Blues","jazz,blues",N,US_Army_Blues,,US_Army_Blues,jazz,,,
music-fma-0123,music,fma,/content/musan_data/musan/music/fma/music-fma-0123.wav,16000,1,8350816,521.926,PCM_16,,"jazz,blues N US_Army_Blues","jazz,blues",N,US_Army_Blues,,US_Army_Blues,jazz,,,
music-fma-0124,music,fma,/content/musan_data/musan/music/fma/music-fma-0124.wav,16000,1,3601968,225.123,PCM_16,,"jazz,blues N US_Army_Blues","jazz,blues",N,US_Army_Blues,,US_Army_Blues,jazz,,,
music-fma-0125,music,fma,/content/musan_data/musan/music/fma/music-fma-0125.wav,16000,1,2368157,148.01,PCM_16,,,,,,,music-fma-0125,unknown,,,
music-fma-0126,music,fma,/content/musan_data/musan/music/fma/music-fma-0126.wav,16000,1,4160784,260.049,PCM_16,,,,,,,music-fma-0126,unknown,,,
music-fma-0127,music,fma,/content/musan_data/musan/music/fma/music-fma-0127.wav,16000,1,3629140,226.821,PCM_16,,,,,,,music-fma-0127,unknown,,,
music-fma-wa-0000,music,fma-western-art,/content/musan_data/musan/music/fma-western-art/music-fma-wa-0000.wav,16000,1,1546031,96.627,PCM_16,,"westernart,classical N Aaron_Dunn Clementi","westernart,classical",N,Aaron_Dunn,Clementi,Aaron_Dunn,western-art,,,
music-fma-wa-0001,music,fma-western-art,/content/musan_data/musan/music/fma-western-art/music-fma-wa-0001.wav,16000,1,1555644,97.228,PCM_16,,"westernart,classical N Aaron_Dunn Clementi","westernart,classical",N,Aaron_Dunn,Clementi,Aaron_Dunn,western-art,,,
music-fma-wa-0002,music,fma-western-art,/content/musan_data/musan/music/fma-western-art/music-fma-wa-0002.wav,16000,1,1182407,73.9,PCM_16,,"westernart,classical N Aaron_Dunn Clementi","westernart,classical",N,Aaron_Dunn,Clementi,Aaron_Dunn,western-art,,,
music-fma-wa-0003,music,fma-western-art,/content/musan_data/musan/music/fma-western-art/music-fma-wa-0003.wav,16000,1,4755958,297.247,PCM_16,,"westernart,baroque N Advent_Chamber Albinoni","westernart,baroque",N,Advent_Chamber,Albinoni,Advent_Chamber,western-art,,,
music-fma-wa-0004,music,fma-western-art,/content/musan_data/musan/music/fma-western-art/music-fma-wa-0004.wav,16000,1,4378122,273.633,PCM_16,,"westernart,baroque N Advent_Chamber Bach","westernart,baroque",N,Advent_Chamber,Bach,Advent_Chamber,western-art,,,
music-fma-wa-0005,music,fma-western-art,/content/musan_data/musan/music/fma-western-art/music-fma-wa-0005.wav,16000,1,3246707,202.919,PCM_16,,"westernart,baroque N Advent_Chamber Corelli","westernart,baroque",N,Advent_Chamber,Corelli,Advent_Chamber,western-art,,,
music-fma-wa-0006,music,fma-western-art,/content/musan_data/musan/music/fma-western-art/music-fma-wa-0006.wav,16000,1,2518622,157.414,PCM_16,,"westernart,baroque N Advent_Chamber Albinoni","westernart,baroque",N,Advent_Chamber,Albinoni,Advent_Chamber,western-art,,,
music-fma-wa-0007,music,fma-western-art,/content/musan_data/musan/music/fma-western-art/music-fma-wa-0007.wav,16000,1,6587037,411.69,PCM_16,,"westernart,baroque N Advent_Chamber Corelli","westernart,baroque",N,Advent_Chamber,Corelli,Advent_Chamber,western-art,,,
music-fma-wa-0008,music,fma-western-art,/content/musan_data/musan/music/fma-western-art/music-fma-wa-0008.wav,16000,1,5356565,334.785,PCM_16,,"westernart,baroque N Advent_Chamber Couperin","westernart,baroque",N,Advent_Chamber,Couperin,Advent_Chamber,western-art,,,
music-fma-wa-0009,music,fma-western-art,/content/musan_data/musan/music/fma-western-art/music-fma-wa-0009.wav,16000,1,3818057,238.629,PCM_16,,"westernart,baroque N Advent_Chamber Albinoni","westernart,baroque",N,Advent_Chamber,Albinoni,Advent_Chamber,western-art,,,
music-fma-wa-0010,music,fma-western-art,/content/musan_data/musan/music/fma-western-art/music-fma-wa-0010.wav,16000,1,5107043,319.19,PCM_16,,"westernart,baroque N Advent_Chamber Bach","westernart,baroque",N,Advent_Chamber,Bach,Advent_Chamber,western-art,,,
music-fma-wa-0011,music,fma-western-art,/content/musan_data/musan/music/fma-western-art/music-fma-wa-0011.wav,16000,1,2036297,127.269,PCM_16,,"westernart,mondernist N Advent_Chamber Bartok","westernart,mondernist",N,Advent_Chamber,Bartok,Advent_Chamber,western-art,,,
music-fma-wa-0012,music,fma-western-art,/content/musan_data/musan/music/fma-western-art/music-fma-wa-0012.wav,16000,1,3208673,200.542,PCM_16,,"westernart,baroque N Advent_Chamber Handel","westernart,baroque",N,Advent_Chamber,Handel,Advent_Chamber,western-art,,,
music-fma-wa-0013,music,fma-western-art,/content/musan_data/musan/music/fma-western-art/music-fma-wa-0013.wav,16000,1,5686753,355.422,PCM_16,,"westernart,classical N Advent_Chamber Mozart","westernart,classical",N,Advent_Chamber,Mozart,Advent_Chamber,western-art,,,
music-fma-wa-0014,music,fma-western-art,/content/musan_data/musan/music/fma-western-art/music-fma-wa-0014.wav,16000,1,2165864,135.367,PCM_16,,"westernart,baroque N Advent_Chamber Bach","westernart,baroque",N,Advent_Chamber,Bach,Advent_Chamber,western-art,,,
music-fma-wa-0015,music,fma-western-art,/content/musan_data/musan/music/fma-western-art/music-fma-wa-0015.wav,16000,1,5494491,343.406,PCM_16,,"westernart,romantic N Advent_Chamber Dvorak","westernart,romantic",N,Advent_Chamber,Dvorak,Advent_Chamber,western-art,,,
music-fma-wa-0016,music,fma-western-art,/content/musan_data/musan/music/fma-western-art/music-fma-wa-0016.wav,16000,1,7696718,481.045,PCM_16,,"westernart,baroque N Advent_Chamber Handel","westernart,baroque",N,Advent_Chamber,Handel,Advent_Chamber,western-art,,,
music-fma-wa-0017,music,fma-western-art,/content/musan_data/musan/music/fma-western-art/music-fma-wa-0017.wav,16000,1,2764382,172.774,PCM_16,,"westernart,baroque N Advent_Chamber Handel","westernart,baroque",N,Advent_Chamber,Handel,Advent_Chamber,western-art,,,
music-fma-wa-0018,music,fma-western-art,/content/musan_data/musan/music/fma-western-art/music-fma-wa-0018.wav,16000,1,2450913,153.182,PCM_16,,"westernart,baroque Y Advent_Chamber Handel","westernart,baroque",Y,Advent_Chamber,Handel,Advent_Chamber,western-art,,,
music-fma-wa-0019,music,fma-western-art,/content/musan_data/musan/music/fma-western-art/music-fma-wa-0019.wav,16000,1,2338482,146.155,PCM_16,,"westernart,baroque N Advent_Chamber Handel","westernart,baroque",N,Advent_Chamber,Handel,Advent_Chamber,western-art,,,
music-fma-wa-0020,music,fma-western-art,/content/musan_data/musan/music/fma-western-art/music-fma-wa-0020.wav,16000,1,4343014,271.438,PCM_16,,"westernart,baroque Y Advent_Chamber Handel","westernart,baroque",Y,Advent_Chamber,Handel,Advent_Chamber,western-art,,,
music-fma-wa-0021,music,fma-western-art,/content/musan_data/musan/music/fma-western-art/music-fma-wa-0021.wav,16000,1,3249633,203.102,PCM_16,,"westernart,baroque N Advent_Chamber Handel","westernart,baroque",N,Advent_Chamber,Handel,Advent_Chamber,western-art,,,
music-fma-wa-0022,music,fma-western-art,/content/musan_data/musan/music/fma-western-art/music-fma-wa-0022.wav,16000,1,7148356,446.772,PCM_16,,"westernart,baroque Y Advent_Chamber Vivaldi","westernart,baroque",Y,Advent_Chamber,Vivaldi,Advent_Chamber,western-art,,,
music-fma-wa-0023,music,fma-western-art,/content/musan_data/musan/music/fma-western-art/music-fma-wa-0023.wav,16000,1,3281816,205.113,PCM_16,,"westernart,baroque N Advent_Chamber Corelli","westernart,baroque",N,Advent_Chamber,Corelli,Advent_Chamber,western-art,,,
music-fma-wa-0024,music,fma-western-art,/content/musan_data/musan/music/fma-western-art/music-fma-wa-0024.wav,16000,1,2784026,174.002,PCM_16,,"westernart,baroque Y Advent_Chamber Vivaldi","westernart,baroque",Y,Advent_Chamber,Vivaldi,Advent_Chamber,western-art,,,
music-fma-wa-0025,music,fma-western-art,/content/musan_data/musan/music/fma-western-art/music-fma-wa-0025.wav,16000,1,3877825,242.364,PCM_16,,"westernart,classical Y Advent_Chamber Mozart","westernart,classical",Y,Advent_Chamber,Mozart,Advent_Chamber,western-art,,,
music-fma-wa-0026,music,fma-western-art,/content/musan_data/musan/music/fma-western-art/music-fma-wa-0026.wav,16000,1,2176313,136.02,PCM_16,,"westernart,baroque Y Advent_Chamber Vivaldi","westernart,baroque",Y,Advent_Chamber,Vivaldi,Advent_Chamber,western-art,,,
music-fma-wa-0027,music,fma-western-art,/content/musan_data/musan/music/fma-western-art/music-fma-wa-0027.wav,16000,1,1638400,102.4,PCM_16,,"westernart,baroque Y Advent_Chamber Vivaldi","westernart,baroque",Y,Advent_Chamber,Vivaldi,Advent_Chamber,western-art,,,
music-fma-wa-0028,music,fma-western-art,/content/musan_data/musan/music/fma-western-art/music-fma-wa-0028.wav,16000,1,2159177,134.949,PCM_16,,"westernart,baroque Y Advent_Chamber Vivaldi","westernart,baroque",Y,Advent_Chamber,Vivaldi,Advent_Chamber,western-art,,,
music-fma-wa-0029,music,fma-western-art,/content/musan_data/musan/music/fma-western-art/music-fma-wa-0029.wav,16000,1,6362175,397.636,PCM_16,,"westernart,classical N Brendan_Kinsella Mozart","westernart,classical",N,Brendan_Kinsella,Mozart,Brendan_Kinsella,western-art,,,
music-fma-wa-0030,music,fma-western-art,/content/musan_data/musan/music/fma-western-art/music-fma-wa-0030.wav,16000,1,5328980,333.061,PCM_16,,"westernart,classical N Brendan_Kinsella Mozart","westernart,classical",N,Brendan_Kinsella,Mozart,Brendan_Kinsella,western-art,,,
music-fma-wa-0031,music,fma-western-art,/content/musan_data/musan/music/fma-western-art/music-fma-wa-0031.wav,16000,1,6014015,375.876,PCM_16,,"westernart,classical N Brendan_Kinsella Mozart","westernart,classical",N,Brendan_Kinsella,Mozart,Brendan_Kinsella,western-art,,,
music-fma-wa-0032,music,fma-western-art,/content/musan_data/musan/music/fma-western-art/music-fma-wa-0032.wav,16000,1,7215229,450.952,PCM_16,,"westernart,classical N Daniel_Veesey Beethoven","westernart,classical",N,Daniel_Veesey,Beethoven,Daniel_Veesey,western-art,,,
music-fma-wa-0033,music,fma-western-art,/content/musan_data/musan/music/fma-western-art/music-fma-wa-0033.wav,16000,1,5150093,321.881,PCM_16,,"westernart,classical N Daniel_Veesey Beethoven","westernart,classical",N,Daniel_Veesey,Beethoven,Daniel_Veesey,western-art,,,
music-fma-wa-0034,music,fma-western-art,/content/musan_data/musan/music/fma-western-art/music-fma-wa-0034.wav,16000,1,10338220,646.139,PCM_16,,"westernart,classical N Daniel_Veesey Beethoven","westernart,classical",N,Daniel_Veesey,Beethoven,Daniel_Veesey,western-art,,,
music-fma-wa-0035,music,fma-western-art,/content/musan_data/musan/music/fma-western-art/music-fma-wa-0035.wav,16000,1,5446008,340.375,PCM_16,,"westernart,classical N Daniel_Veesey Beethoven","westernart,classical",N,Daniel_Veesey,Beethoven,Daniel_Veesey,western-art,,,
music-fma-wa-0036,music,fma-western-art,/content/musan_data/musan/music/fma-western-art/music-fma-wa-0036.wav,16000,1,3179416,198.714,PCM_16,,"westernart,classical N Daniel_Veesey Beethoven","westernart,classical",N,Daniel_Veesey,Beethoven,Daniel_Veesey,western-art,,,
music-fma-wa-0037,music,fma-western-art,/content/musan_data/musan/music/fma-western-art/music-fma-wa-0037.wav,16000,1,2906070,181.629,PCM_16,,"westernart,classical N Daniel_Veesey Beethoven","westernart,classical",N,Daniel_Veesey,Beethoven,Daniel_Veesey,western-art,,,
music-fma-wa-0038,music,fma-western-art,/content/musan_data/musan/music/fma-western-art/music-fma-wa-0038.wav,16000,1,6442005,402.625,PCM_16,,"westernart,classical N Daniel_Veesey Beethoven","westernart,classical",N,Daniel_Veesey,Beethoven,Daniel_Veesey,western-art,,,
music-fma-wa-0039,music,fma-western-art,/content/musan_data/musan/music/fma-western-art/music-fma-wa-0039.wav,16000,1,7145430,446.589,PCM_16,,"westernart,classical N Daniel_Veesey Beethoven","westernart,classical",N,Daniel_Veesey,Beethoven,Daniel_Veesey,western-art,,,
music-fma-wa-0040,music,fma-western-art,/content/musan_data/musan/music/fma-western-art/music-fma-wa-0040.wav,16000,1,5765329,360.333,PCM_16,,"westernart,romantic,classical N Daniel_Veesey Beethoven","westernart,romantic,classical",N,Daniel_Veesey,Beethoven,Daniel_Veesey,western-art,,,
music-fma-wa-0041,music,fma-western-art,/content/musan_data/musan/music/fma-western-art/music-fma-wa-0041.wav,16000,1,2159177,134.949,PCM_16,,"westernart,classical N Daniel_Veesey Beethoven","westernart,classical",N,Daniel_Veesey,Beethoven,Daniel_Veesey,western-art,,,
music-fma-wa-0042,music,fma-western-art,/content/musan_data/musan/music/fma-western-art/music-fma-wa-0042.wav,16000,1,3342420,208.901,PCM_16,,"westernart,classical N Daniel_Veesey Beethoven","westernart,classical",N,Daniel_Veesey,Beethoven,Daniel_Veesey,western-art,,,
music-fma-wa-0043,music,fma-western-art,/content/musan_data/musan/music/fma-western-art/music-fma-wa-0043.wav,16000,1,5459801,341.238,PCM_16,,"westernart,romantic,classical N Daniel_Veesey Beethoven","westernart,romantic,classical",N,Daniel_Veesey,Beethoven,Daniel_Veesey,western-art,,,
music-fma-wa-0044,music,fma-western-art,/content/musan_data/musan/music/fma-western-art/music-fma-wa-0044.wav,16000,1,11520627,720.039,PCM_16,,"westernart,romantic N Weinberger Mahler","westernart,romantic",N,Weinberger,Mahler,Weinberger,western-art,,,
music-fma-wa-0045,music,fma-western-art,/content/musan_data/musan/music/fma-western-art/music-fma-wa-0045.wav,16000,1,5858952,366.185,PCM_16,,"westernart,romantic N Weinberger Debussy","westernart,romantic",N,Weinberger,Debussy,Weinberger,western-art,,,
music-fma-wa-0046,music,fma-western-art,/content/musan_data/musan/music/fma-western-art/music-fma-wa-0046.wav,16000,1,6820676,426.292,PCM_16,,"westernart,classical N Weinberger Mozart","westernart,classical",N,Weinberger,Mozart,Weinberger,western-art,,,
music-fma-wa-0047,music,fma-western-art,/content/musan_data/musan/music/fma-western-art/music-fma-wa-0047.wav,16000,1,3445248,215.328,PCM_16,,"westernart,baroque N John_Harrison Vivaldi","westernart,baroque",N,John_Harrison,Vivaldi,John_Harrison,western-art,,,
music-fma-wa-0048,music,fma-western-art,/content/musan_data/musan/music/fma-western-art/music-fma-wa-0048.wav,16000,1,4066560,254.16,PCM_16,,"westernart,baroque N John_Harrison Vivaldi","westernart,baroque",N,John_Harrison,Vivaldi,John_Harrison,western-art,,,
music-fma-wa-0049,music,fma-western-art,/content/musan_data/musan/music/fma-western-art/music-fma-wa-0049.wav,16000,1,1724160,107.76,PCM_16,,"westernart,baroque N John_Harrison Vivaldi","westernart,baroque",N,John_Harrison,Vivaldi,John_Harrison,western-art,,,
music-fma-wa-0050,music,fma-western-art,/content/musan_data/musan/music/fma-western-art/music-fma-wa-0050.wav,16000,1,2544000,159.0,PCM_16,,"westernart,baroque N John_Harrison Vivaldi","westernart,baroque",N,John_Harrison,Vivaldi,John_Harrison,western-art,,,
music-fma-wa-0051,music,fma-western-art,/content/musan_data/musan/music/fma-western-art/music-fma-wa-0051.wav,16000,1,2444160,152.76,PCM_16,,"westernart,baroque N John_Harrison Vivaldi","westernart,baroque",N,John_Harrison,Vivaldi,John_Harrison,western-art,,,
music-fma-wa-0052,music,fma-western-art,/content/musan_data/musan/music/fma-western-art/music-fma-wa-0052.wav,16000,1,3342336,208.896,PCM_16,,"westernart,baroque N John_Harrison Vivaldi","westernart,baroque",N,John_Harrison,Vivaldi,John_Harrison,western-art,,,
music-fma-wa-0053,music,fma-western-art,/content/musan_data/musan/music/fma-western-art/music-fma-wa-0053.wav,16000,1,2118144,132.384,PCM_16,,"westernart,baroque N John_Harrison Vivaldi","westernart,baroque",N,John_Harrison,Vivaldi,John_Harrison,western-art,,,
music-fma-wa-0054,music,fma-western-art,/content/musan_data/musan/music/fma-western-art/music-fma-wa-0054.wav,16000,1,3328512,208.032,PCM_16,,"westernart,baroque N John_Harrison Vivaldi","westernart,baroque",N,John_Harrison,Vivaldi,John_Harrison,western-art,,,
music-fma-wa-0055,music,fma-western-art,/content/musan_data/musan/music/fma-western-art/music-fma-wa-0055.wav,16000,1,344398,21.525,PCM_16,,"westernart,romantic N Kevin_MacLeod Saint_Saens","westernart,romantic",N,Kevin_MacLeod,Saint_Saens,Kevin_MacLeod,western-art,,,
music-fma-wa-0056,music,fma-western-art,/content/musan_data/musan/music/fma-western-art/music-fma-wa-0056.wav,16000,1,6498847,406.178,PCM_16,,"westernart,romantic N Kevin_MacLeod Saint_Saens","westernart,romantic",N,Kevin_MacLeod,Saint_Saens,Kevin_MacLeod,western-art,,,
music-fma-wa-0057,music,fma-western-art,/content/musan_data/musan/music/fma-western-art/music-fma-wa-0057.wav,16000,1,5690932,355.683,PCM_16,,"westernart,baroque N Kevin_MacLeod Pachelbel","westernart,baroque",N,Kevin_MacLeod,Pachelbel,Kevin_MacLeod,western-art,,,
music-fma-wa-0058,music,fma-western-art,/content/musan_data/musan/music/fma-western-art/music-fma-wa-0058.wav,16000,1,1359744,84.984,PCM_16,,"westernart,classical N Kevin_MacLeod Rossini","westernart,classical",N,Kevin_MacLeod,Rossini,Kevin_MacLeod,western-art,,,
music-fma-wa-0059,music,fma-western-art,/content/musan_data/musan/music/fma-western-art/music-fma-wa-0059.wav,16000,1,2443807,152.738,PCM_16,,"westernart,romantic N Kevin_MacLeod Holst","westernart,romantic",N,Kevin_MacLeod,Holst,Kevin_MacLeod,western-art,,,
music-fma-wa-0060,music,fma-western-art,/content/musan_data/musan/music/fma-western-art/music-fma-wa-0060.wav,16000,1,7001652,437.603,PCM_16,,"westernart,baroque N Kevin_MacLeod Bach","westernart,baroque",N,Kevin_MacLeod,Bach,Kevin_MacLeod,western-art,,,
music-fma-wa-0061,music,fma-western-art,/content/musan_data/musan/music/fma-western-art/music-fma-wa-0061.wav,16000,1,2062080,128.88,PCM_16,,"westernart,baroque N Kevin_MacLeod Bach","westernart,baroque",N,Kevin_MacLeod,Bach,Kevin_MacLeod,western-art,,,
music-fma-wa-0062,music,fma-western-art,/content/musan_data/musan/music/fma-western-art/music-fma-wa-0062.wav,16000,1,5657496,353.594,PCM_16,,"westernart,baroque N Kevin_MacLeod Bach","westernart,baroque",N,Kevin_MacLeod,Bach,Kevin_MacLeod,western-art,,,
music-fma-wa-0063,music,fma-western-art,/content/musan_data/musan/music/fma-western-art/music-fma-wa-0063.wav,16000,1,2858841,178.678,PCM_16,,"westernart,baroque N Kevin_MacLeod Bach","westernart,baroque",N,Kevin_MacLeod,Bach,Kevin_MacLeod,western-art,,,
music-fma-wa-0064,music,fma-western-art,/content/musan_data/musan/music/fma-western-art/music-fma-wa-0064.wav,16000,1,3800503,237.531,PCM_16,,"westernart,baroque N Kevin_MacLeod Bach","westernart,baroque",N,Kevin_MacLeod,Bach,Kevin_MacLeod,western-art,,,
music-fma-wa-0065,music,fma-western-art,/content/musan_data/musan/music/fma-western-art/music-fma-wa-0065.wav,16000,1,8337450,521.091,PCM_16,,"westernart,baroque N Kevin_MacLeod Bach","westernart,baroque",N,Kevin_MacLeod,Bach,Kevin_MacLeod,western-art,,,
music-fma-wa-0066,music,fma-western-art,/content/musan_data/musan/music/fma-western-art/music-fma-wa-0066.wav,16000,1,2053851,128.366,PCM_16,,"westernart,classical N Kevin_MacLeod Beethoven","westernart,classical",N,Kevin_MacLeod,Beethoven,Kevin_MacLeod,western-art,,,
music-fma-wa-0067,music,fma-western-art,/content/musan_data/musan/music/fma-western-art/music-fma-wa-0067.wav,16000,1,1918015,119.876,PCM_16,,"westernart,romantic N Kevin_MacLeod Tchaikovsky","westernart,romantic",N,Kevin_MacLeod,Tchaikovsky,Kevin_MacLeod,western-art,,,
music-fma-wa-0068,music,fma-western-art,/content/musan_data/musan/music/fma-western-art/music-fma-wa-0068.wav,16000,1,1376758,86.047,PCM_16,,"westernart,romantic N Kevin_MacLeod Strauss","westernart,romantic",N,Kevin_MacLeod,Strauss,Kevin_MacLeod,western-art,,,
music-fma-wa-0069,music,fma-western-art,/content/musan_data/musan/music/fma-western-art/music-fma-wa-0069.wav,16000,1,1638528,102.408,PCM_16,,"westernart,romantic N Kevin_MacLeod Wagner","westernart,romantic",N,Kevin_MacLeod,Wagner,Kevin_MacLeod,western-art,,,
music-fma-wa-0070,music,fma-western-art,/content/musan_data/musan/music/fma-western-art/music-fma-wa-0070.wav,16000,1,2224512,139.032,PCM_16,,"westernart,romantic N Kevin_MacLeod Wagner","westernart,romantic",N,Kevin_MacLeod,Wagner,Kevin_MacLeod,western-art,,,
music-fma-wa-0071,music,fma-western-art,/content/musan_data/musan/music/fma-western-art/music-fma-wa-0071.wav,16000,1,1626240,101.64,PCM_16,,"westernart,romantic N Skidmore Mussorgsky","westernart,romantic",N,Skidmore,Mussorgsky,Skidmore,western-art,,,
music-fma-wa-0072,music,fma-western-art,/content/musan_data/musan/music/fma-western-art/music-fma-wa-0072.wav,16000,1,2618496,163.656,PCM_16,,"westernart,romantic N Skidmore Mussorgsky","westernart,romantic",N,Skidmore,Mussorgsky,Skidmore,western-art,,,
music-fma-wa-0073,music,fma-western-art,/content/musan_data/musan/music/fma-western-art/music-fma-wa-0073.wav,16000,1,931200,58.2,PCM_16,,"westernart,romantic N Skidmore Mussorgsky","westernart,romantic",N,Skidmore,Mussorgsky,Skidmore,western-art,,,
music-fma-wa-0074,music,fma-western-art,/content/musan_data/musan/music/fma-western-art/music-fma-wa-0074.wav,16000,1,1018752,63.672,PCM_16,,"westernart,romantic N Skidmore Mussorgsky","westernart,romantic",N,Skidmore,Mussorgsky,Skidmore,western-art,,,
music-fma-wa-0075,music,fma-western-art,/content/musan_data/musan/music/fma-western-art/music-fma-wa-0075.wav,16000,1,2250624,140.664,PCM_16,,"westernart,romantic N Skidmore Mussorgsky","westernart,romantic",N,Skidmore,Mussorgsky,Skidmore,western-art,,,
music-fma-wa-0076,music,fma-western-art,/content/musan_data/musan/music/fma-western-art/music-fma-wa-0076.wav,16000,1,684288,42.768,PCM_16,,"westernart,romantic N Skidmore Mussorgsky","westernart,romantic",N,Skidmore,Mussorgsky,Skidmore,western-art,,,
music-fma-wa-0077,music,fma-western-art,/content/musan_data/musan/music/fma-western-art/music-fma-wa-0077.wav,16000,1,1281024,80.064,PCM_16,,"westernart,romantic N Skidmore Mussorgsky","westernart,romantic",N,Skidmore,Mussorgsky,Skidmore,western-art,,,
music-fma-wa-0078,music,fma-western-art,/content/musan_data/musan/music/fma-western-art/music-fma-wa-0078.wav,16000,1,2083968,130.248,PCM_16,,"westernart,romantic N Skidmore Mussorgsky","westernart,romantic",N,Skidmore,Mussorgsky,Skidmore,western-art,,,
music-fma-wa-0079,music,fma-western-art,/content/musan_data/musan/music/fma-western-art/music-fma-wa-0079.wav,16000,1,1602816,100.176,PCM_16,,"westernart,romantic N Skidmore Mussorgsky","westernart,romantic",N,Skidmore,Mussorgsky,Skidmore,western-art,,,
music-fma-wa-0080,music,fma-western-art,/content/musan_data/musan/music/fma-western-art/music-fma-wa-0080.wav,16000,1,1811712,113.232,PCM_16,,"westernart,romantic N Skidmore Mussorgsky","westernart,romantic",N,Skidmore,Mussorgsky,Skidmore,western-art,,,
music-fma-wa-0081,music,fma-western-art,/content/musan_data/musan/music/fma-western-art/music-fma-wa-0081.wav,16000,1,3405696,212.856,PCM_16,,"westernart,romantic N Skidmore Mussorgsky","westernart,romantic",N,Skidmore,Mussorgsky,Skidmore,western-art,,,
music-fma-wa-0082,music,fma-western-art,/content/musan_data/musan/music/fma-western-art/music-fma-wa-0082.wav,16000,1,5270784,329.424,PCM_16,,"westernart,romantic N Skidmore Mussorgsky","westernart,romantic",N,Skidmore,Mussorgsky,Skidmore,western-art,,,
music-fma-wa-0083,music,fma-western-art,/content/musan_data/musan/music/fma-western-art/music-fma-wa-0083.wav,16000,1,2564180,160.261,PCM_16,,"westernart,baroque Y Tudor_Consort Scarlatti","westernart,baroque",Y,Tudor_Consort,Scarlatti,Tudor_Consort,western-art,,,
music-fma-wa-0084,music,fma-western-art,/content/musan_data/musan/music/fma-western-art/music-fma-wa-0084.wav,16000,1,3582328,223.895,PCM_16,,"westernart,baroque Y Tudor_Consort Scarlatti","westernart,baroque",Y,Tudor_Consort,Scarlatti,Tudor_Consort,western-art,,,
music-fma-wa-0085,music,fma-western-art,/content/musan_data/musan/music/fma-western-art/music-fma-wa-0085.wav,16000,1,2455510,153.469,PCM_16,,"westernart,baroque Y Tudor_Consort Scarlatti","westernart,baroque",Y,Tudor_Consort,Scarlatti,Tudor_Consort,western-art,,,
music-fma-wa-0086,music,fma-western-art,/content/musan_data/musan/music/fma-western-art/music-fma-wa-0086.wav,16000,1,1589917,99.37,PCM_16,,"westernart,baroque Y Tudor_Consort Scarlatti","westernart,baroque",Y,Tudor_Consort,Scarlatti,Tudor_Consort,western-art,,,
music-fma-wa-0087,music,fma-western-art,/content/musan_data/musan/music/fma-western-art/music-fma-wa-0087.wav,16000,1,2591765,161.985,PCM_16,,"westernart,baroque Y Tudor_Consort Scarlatti","westernart,baroque",Y,Tudor_Consort,Scarlatti,Tudor_Consort,western-art,,,
music-fma-wa-0088,music,fma-western-art,/content/musan_data/musan/music/fma-western-art/music-fma-wa-0088.wav,16000,1,944170,59.011,PCM_16,,"westernart,baroque Y Tudor_Consort Scarlatti","westernart,baroque",Y,Tudor_Consort,Scarlatti,Tudor_Consort,western-art,,,
music-fma-wa-0089,music,fma-western-art,/content/musan_data/musan/music/fma-western-art/music-fma-wa-0089.wav,16000,1,2216438,138.527,PCM_16,,"westernart,baroque Y Tudor_Consort Scarlatti","westernart,baroque",Y,Tudor_Consort,Scarlatti,Tudor_Consort,western-art,,,
music-fma-wa-0090,music,fma-western-art,/content/musan_data/musan/music/fma-western-art/music-fma-wa-0090.wav,16000,1,2708376,169.274,PCM_16,,"westernart,baroque Y Tudor_Consort Scarlatti","westernart,baroque",Y,Tudor_Consort,Scarlatti,Tudor_Consort,western-art,,,
music-fma-wa-0091,music,fma-western-art,/content/musan_data/musan/music/fma-western-art/music-fma-wa-0091.wav,16000,1,2076003,129.75,PCM_16,,"westernart,baroque Y Tudor_Consort Scarlatti","westernart,baroque",Y,Tudor_Consort,Scarlatti,Tudor_Consort,western-art,,,
music-fma-wa-0092,music,fma-western-art,/content/musan_data/musan/music/fma-western-art/music-fma-wa-0092.wav,16000,1,2468049,154.253,PCM_16,,"westernart,baroque Y Tudor_Consort Scarlatti","westernart,baroque",Y,Tudor_Consort,Scarlatti,Tudor_Consort,western-art,,,
music-hd-0000,music,hd-classical,/content/musan_data/musan/music/hd-classical/music-hd-0000.wav,16000,1,3327373,207.961,PCM_16,,"westernart,classical N Bernd_Krueger Granados","westernart,classical",N,Bernd_Krueger,Granados,Bernd_Krueger,western-art,,,
music-hd-0001,music,hd-classical,/content/musan_data/musan/music/hd-classical/music-hd-0001.wav,16000,1,3040653,190.041,PCM_16,,"westernart,classical N Bernd_Krueger Granados","westernart,classical",N,Bernd_Krueger,Granados,Bernd_Krueger,western-art,,,
music-hd-0002,music,hd-classical,/content/musan_data/musan/music/hd-classical/music-hd-0002.wav,16000,1,4552411,284.526,PCM_16,,"westernart,classical N Bernd_Krueger Granados","westernart,classical",N,Bernd_Krueger,Granados,Bernd_Krueger,western-art,,,
music-hd-0003,music,hd-classical,/content/musan_data/musan/music/hd-classical/music-hd-0003.wav,16000,1,2560418,160.026,PCM_16,,"westernart,romantic N Bernd_Krueger Grieg","westernart,romantic",N,Bernd_Krueger,Grieg,Bernd_Krueger,western-art,,,
music-hd-0004,music,hd-classical,/content/musan_data/musan/music/hd-classical/music-hd-0004.wav,16000,1,1594932,99.683,PCM_16,,"westernart,romantic N Bernd_Krueger Grieg","westernart,romantic",N,Bernd_Krueger,Grieg,Bernd_Krueger,western-art,,,
music-hd-0005,music,hd-classical,/content/musan_data/musan/music/hd-classical/music-hd-0005.wav,16000,1,1542269,96.392,PCM_16,,"westernart,romantic N Bernd_Krueger Grieg","westernart,romantic",N,Bernd_Krueger,Grieg,Bernd_Krueger,western-art,,,
music-hd-0006,music,hd-classical,/content/musan_data/musan/music/hd-classical/music-hd-0006.wav,16000,1,2515278,157.205,PCM_16,,"westernart,romantic N Bernd_Krueger Grieg","westernart,romantic",N,Bernd_Krueger,Grieg,Bernd_Krueger,western-art,,,
music-hd-0007,music,hd-classical,/content/musan_data/musan/music/hd-classical/music-hd-0007.wav,16000,1,1379683,86.23,PCM_16,,"westernart,romantic N Bernd_Krueger Grieg","westernart,romantic",N,Bernd_Krueger,Grieg,Bernd_Krueger,western-art,,,
music-hd-0008,music,hd-classical,/content/musan_data/musan/music/hd-classical/music-hd-0008.wav,16000,1,1643416,102.713,PCM_16,,"westernart,romantic N Bernd_Krueger Grieg","westernart,romantic",N,Bernd_Krueger,Grieg,Bernd_Krueger,western-art,,,
music-hd-0009,music,hd-classical,/content/musan_data/musan/music/hd-classical/music-hd-0009.wav,16000,1,5648300,353.019,PCM_16,,"westernart,romantic N Bernd_Krueger Liszt","westernart,romantic",N,Bernd_Krueger,Liszt,Bernd_Krueger,western-art,,,
music-hd-0010,music,hd-classical,/content/musan_data/musan/music/hd-classical/music-hd-0010.wav,16000,1,4027873,251.742,PCM_16,,"westernart,romantic N Bernd_Krueger Liszt","westernart,romantic",N,Bernd_Krueger,Liszt,Bernd_Krueger,western-art,,,
music-hd-0011,music,hd-classical,/content/musan_data/musan/music/hd-classical/music-hd-0011.wav,16000,1,5294707,330.919,PCM_16,,"westernart,romantic N Bernd_Krueger Liszt","westernart,romantic",N,Bernd_Krueger,Liszt,Bernd_Krueger,western-art,,,
music-hd-0012,music,hd-classical,/content/musan_data/musan/music/hd-classical/music-hd-0012.wav,16000,1,4003213,250.201,PCM_16,,"westernart,romantic N Bernd_Krueger Liszt","westernart,romantic",N,Bernd_Krueger,Liszt,Bernd_Krueger,western-art,,,
music-hd-0013,music,hd-classical,/content/musan_data/musan/music/hd-classical/music-hd-0013.wav,16000,1,4187533,261.721,PCM_16,,"westernart,classical N Bernd_Krueger Mozart","westernart,classical",N,Bernd_Krueger,Mozart,Bernd_Krueger,western-art,,,
music-hd-0014,music,hd-classical,/content/musan_data/musan/music/hd-classical/music-hd-0014.wav,16000,1,4502674,281.417,PCM_16,,"westernart,classical N Bernd_Krueger Mozart","westernart,classical",N,Bernd_Krueger,Mozart,Bernd_Krueger,western-art,,,
music-hd-0015,music,hd-classical,/content/musan_data/musan/music/hd-classical/music-hd-0015.wav,16000,1,5908689,369.293,PCM_16,,"westernart,classical N Bernd_Krueger Mozart","westernart,classical",N,Bernd_Krueger,Mozart,Bernd_Krueger,western-art,,,
music-hd-0016,music,hd-classical,/content/musan_data/musan/music/hd-classical/music-hd-0016.wav,16000,1,7454720,465.92,PCM_16,,"westernart,romantic N Bernd_Krueger Schubert","westernart,romantic",N,Bernd_Krueger,Schubert,Bernd_Krueger,western-art,,,
music-hd-0017,music,hd-classical,/content/musan_data/musan/music/hd-classical/music-hd-0017.wav,16000,1,2157923,134.87,PCM_16,,"westernart,romantic N Bernd_Krueger Tchaikovsky","westernart,romantic",N,Bernd_Krueger,Tchaikovsky,Bernd_Krueger,western-art,,,
music-hd-0018,music,hd-classical,/content/musan_data/musan/music/hd-classical/music-hd-0018.wav,16000,1,2063882,128.993,PCM_16,,"westernart,romantic N Bernd_Krueger Tchaikovsky","westernart,romantic",N,Bernd_Krueger,Tchaikovsky,Bernd_Krueger,western-art,,,
music-hd-0019,music,hd-classical,/content/musan_data/musan/music/hd-classical/music-hd-0019.wav,16000,1,2617260,163.579,PCM_16,,"westernart,romantic N Bernd_Krueger Tchaikovsky","westernart,romantic",N,Bernd_Krueger,Tchaikovsky,Bernd_Krueger,western-art,,,
music-hd-0020,music,hd-classical,/content/musan_data/musan/music/hd-classical/music-hd-0020.wav,16000,1,4493061,280.816,PCM_16,,"westernart,romantic N Bernd_Krueger Tchaikovsky","westernart,romantic",N,Bernd_Krueger,Tchaikovsky,Bernd_Krueger,western-art,,,
music-hd-0021,music,hd-classical,/content/musan_data/musan/music/hd-classical/music-hd-0021.wav,16000,1,3100421,193.776,PCM_16,,"westernart,romantic N Bernd_Krueger Tchaikovsky","westernart,romantic",N,Bernd_Krueger,Tchaikovsky,Bernd_Krueger,western-art,,,
music-hd-0022,music,hd-classical,/content/musan_data/musan/music/hd-classical/music-hd-0022.wav,16000,1,2663236,166.452,PCM_16,,"westernart,romantic N Bernd_Krueger Tchaikovsky","westernart,romantic",N,Bernd_Krueger,Tchaikovsky,Bernd_Krueger,western-art,,,
music-hd-0023,music,hd-classical,/content/musan_data/musan/music/hd-classical/music-hd-0023.wav,16000,1,10799229,674.952,PCM_16,,"westernart,romantic N Museopen Dvorak","westernart,romantic",N,Museopen,Dvorak,Museopen,western-art,,,
music-hd-0024,music,hd-classical,/content/musan_data/musan/music/hd-classical/music-hd-0024.wav,16000,1,7451794,465.737,PCM_16,,"westernart,romantic N Museopen Dvorak","westernart,romantic",N,Museopen,Dvorak,Museopen,western-art,,,
music-hd-0025,music,hd-classical,/content/musan_data/musan/music/hd-classical/music-hd-0025.wav,16000,1,7451794,465.737,PCM_16,,"westernart,romantic N Museopen Dvorak","westernart,romantic",N,Museopen,Dvorak,Museopen,western-art,,,
music-hd-0026,music,hd-classical,/content/musan_data/musan/music/hd-classical/music-hd-0026.wav,16000,1,6947736,434.233,PCM_16,,"westernart,romantic N Museopen Dvorak","westernart,romantic",N,Museopen,Dvorak,Museopen,western-art,,,
music-hd-0027,music,hd-classical,/content/musan_data/musan/music/hd-classical/music-hd-0027.wav,16000,1,12170136,760.634,PCM_16,,"westernart,romantic N Czech_Natl_Symphony Brahms","westernart,romantic",N,Czech_Natl_Symphony,Brahms,Czech_Natl_Symphony,western-art,,,
music-hd-0028,music,hd-classical,/content/musan_data/musan/music/hd-classical/music-hd-0028.wav,16000,1,10785855,674.116,PCM_16,,"westernart,romantic N Czech_Natl_Symphony Brahms","westernart,romantic",N,Czech_Natl_Symphony,Brahms,Czech_Natl_Symphony,western-art,,,
music-hd-0029,music,hd-classical,/content/musan_data/musan/music/hd-classical/music-hd-0029.wav,16000,1,6066678,379.167,PCM_16,,"westernart,romantic N Czech_Natl_Symphony Brahms","westernart,romantic",N,Czech_Natl_Symphony,Brahms,Czech_Natl_Symphony,western-art,,,
music-hd-0030,music,hd-classical,/content/musan_data/musan/music/hd-classical/music-hd-0030.wav,16000,1,10682619,667.664,PCM_16,,"westernart,romantic N Czech_Natl_Symphony Brahms","westernart,romantic",N,Czech_Natl_Symphony,Brahms,Czech_Natl_Symphony,western-art,,,
music-hd-0031,music,hd-classical,/content/musan_data/musan/music/hd-classical/music-hd-0031.wav,16000,1,4735896,295.993,PCM_16,,"westernart,romantic N Bernd_Krueger Mussorgsky","westernart,romantic",N,Bernd_Krueger,Mussorgsky,Bernd_Krueger,western-art,,,
music-hd-0032,music,hd-classical,/content/musan_data/musan/music/hd-classical/music-hd-0032.wav,16000,1,5820082,363.755,PCM_16,,"westernart,romantic N Bernd_Krueger Mussorgsky","westernart,romantic",N,Bernd_Krueger,Mussorgsky,Bernd_Krueger,western-art,,,
music-hd-0033,music,hd-classical,/content/musan_data/musan/music/hd-classical/music-hd-0033.wav,16000,1,12859350,803.709,PCM_16,,"westernart,classical N Steven_Dunlop Beethoven","westernart,classical",N,Steven_Dunlop,Beethoven,Steven_Dunlop,western-art,,,
music-hd-0034,music,hd-classical,/content/musan_data/musan/music/hd-classical/music-hd-0034.wav,16000,1,15706488,981.655,PCM_16,,"westernart,classical N Museopen Hayden","westernart,classical",N,Museopen,Hayden,Museopen,western-art,,,
music-hd-0035,music,hd-classical,/content/musan_data/musan/music/hd-classical/music-hd-0035.wav,16000,1,10094968,630.936,PCM_16,,"westernart,baroque N John_Harrison Vivaldi","westernart,baroque",N,John_Harrison,Vivaldi,John_Harrison,western-art,,,
music-hd-0036,music,hd-classical,/content/musan_data/musan/music/hd-classical/music-hd-0036.wav,16000,1,9095628,568.477,PCM_16,,"westernart,baroque N John_Harrison Vivaldi","westernart,baroque",N,John_Harrison,Vivaldi,John_Harrison,western-art,,,
music-hd-0037,music,hd-classical,/content/musan_data/musan/music/hd-classical/music-hd-0037.wav,16000,1,10527974,657.998,PCM_16,,"westernart,baroque N John_Harrison Vivaldi","westernart,baroque",N,John_Harrison,Vivaldi,John_Harrison,western-art,,,
music-hd-0038,music,hd-classical,/content/musan_data/musan/music/hd-classical/music-hd-0038.wav,16000,1,8543922,533.995,PCM_16,,"westernart,baroque N John_Harrison Vivaldi","westernart,baroque",N,John_Harrison,Vivaldi,John_Harrison,western-art,,,
music-hd-0039,music,hd-classical,/content/musan_data/musan/music/hd-classical/music-hd-0039.wav,16000,1,2993006,187.063,PCM_16,,"westernart,romantic N Kevin_MacLoad Erik_Satie","westernart,romantic",N,Kevin_MacLoad,Erik_Satie,Kevin_MacLoad,western-art,,,
music-hd-0040,music,hd-classical,/content/musan_data/musan/music/hd-classical/music-hd-0040.wav,16000,1,1886250,117.891,PCM_16,,"westernart,baroque N Jon_Sayles Purcell","westernart,baroque",N,Jon_Sayles,Purcell,Jon_Sayles,western-art,,,
music-hd-0041,music,hd-classical,/content/musan_data/musan/music/hd-classical/music-hd-0041.wav,16000,1,2902309,181.394,PCM_16,,"westernart,baroque N Jon_Sayles Bevin","westernart,baroque",N,Jon_Sayles,Bevin,Jon_Sayles,western-art,,,
music-hd-0042,music,hd-classical,/content/musan_data/musan/music/hd-classical/music-hd-0042.wav,16000,1,1125982,70.374,PCM_16,,"westernart,baroque N Jon_Sayles Purcell","westernart,baroque",N,Jon_Sayles,Purcell,Jon_Sayles,western-art,,,
music-hd-0043,music,hd-classical,/content/musan_data/musan/music/hd-classical/music-hd-0043.wav,16000,1,1388460,86.779,PCM_16,,"westernart,baroque N Jon_Sayles Monteverdi","westernart,baroque",N,Jon_Sayles,Monteverdi,Jon_Sayles,western-art,,,
music-hd-0044,music,hd-classical,/content/musan_data/musan/music/hd-classical/music-hd-0044.wav,16000,1,2546192,159.137,PCM_16,,"westernart,baroque N Jon_Sayles Philips","westernart,baroque",N,Jon_Sayles,Philips,Jon_Sayles,western-art,,,
music-hd-0045,music,hd-classical,/content/musan_data/musan/music/hd-classical/music-hd-0045.wav,16000,1,1090456,68.153,PCM_16,,"westernart,baroque N Jon_Sayles Dowland","westernart,baroque",N,Jon_Sayles,Dowland,Jon_Sayles,western-art,,,
music-hd-0046,music,hd-classical,/content/musan_data/musan/music/hd-classical/music-hd-0046.wav,16000,1,3498318,218.645,PCM_16,,"westernart,baroque N Jon_Sayles Bach","westernart,baroque",N,Jon_Sayles,Bach,Jon_Sayles,western-art,,,
music-hd-0047,music,hd-classical,/content/musan_data/musan/music/hd-classical/music-hd-0047.wav,16000,1,4200032,262.502,PCM_16,,"westernart,baroque N Jon_Sayles Bach","westernart,baroque",N,Jon_Sayles,Bach,Jon_Sayles,western-art,,,
music-hd-0048,music,hd-classical,/content/musan_data/musan/music/hd-classical/music-hd-0048.wav,16000,1,5522913,345.182,PCM_16,,"westernart,classical N MIT Beethoven","westernart,classical",N,MIT,Beethoven,MIT,western-art,,,
music-hd-0049,music,hd-classical,/content/musan_data/musan/music/hd-classical/music-hd-0049.wav,16000,1,2819971,176.248,PCM_16,,"westernart,classical N Bernd_Krueger Beethoven","westernart,classical",N,Bernd_Krueger,Beethoven,Bernd_Krueger,western-art,,,
music-hd-0050,music,hd-classical,/content/musan_data/musan/music/hd-classical/music-hd-0050.wav,16000,1,4868389,304.274,PCM_16,,"westernart,classical N Bernd_Krueger Beethoven","westernart,classical",N,Bernd_Krueger,Beethoven,Bernd_Krueger,western-art,,,
music-hd-0051,music,hd-classical,/content/musan_data/musan/music/hd-classical/music-hd-0051.wav,16000,1,5890717,368.17,PCM_16,,"westernart,classical N Bernd_Krueger Beethoven","westernart,classical",N,Bernd_Krueger,Beethoven,Bernd_Krueger,western-art,,,
music-hd-0052,music,hd-classical,/content/musan_data/musan/music/hd-classical/music-hd-0052.wav,16000,1,5439321,339.958,PCM_16,,"westernart,baroque N Shelley_Katz Bach","westernart,baroque",N,Shelley_Katz,Bach,Shelley_Katz,western-art,,,
music-hd-0053,music,hd-classical,/content/musan_data/musan/music/hd-classical/music-hd-0053.wav,16000,1,2018743,126.171,PCM_16,,"westernart,classical N Bernd_Krueger Beethoven","westernart,classical",N,Bernd_Krueger,Beethoven,Bernd_Krueger,western-art,,,
music-hd-0054,music,hd-classical,/content/musan_data/musan/music/hd-classical/music-hd-0054.wav,16000,1,6628415,414.276,PCM_16,,"westernart,classical N Bernd_Krueger Beethoven","westernart,classical",N,Bernd_Krueger,Beethoven,Bernd_Krueger,western-art,,,
music-hd-0055,music,hd-classical,/content/musan_data/musan/music/hd-classical/music-hd-0055.wav,16000,1,1991993,124.5,PCM_16,,"westernart,romantic N Bernd_Krueger Albeniz","westernart,romantic",N,Bernd_Krueger,Albeniz,Bernd_Krueger,western-art,,,
music-hd-0056,music,hd-classical,/content/musan_data/musan/music/hd-classical/music-hd-0056.wav,16000,1,2816627,176.039,PCM_16,,"westernart,romantic N Bernd_Krueger Albeniz","westernart,romantic",N,Bernd_Krueger,Albeniz,Bernd_Krueger,western-art,,,
music-hd-0057,music,hd-classical,/content/musan_data/musan/music/hd-classical/music-hd-0057.wav,16000,1,1497130,93.571,PCM_16,,"westernart,romantic N Bernd_Krueger Albeniz","westernart,romantic",N,Bernd_Krueger,Albeniz,Bernd_Krueger,western-art,,,
music-hd-0058,music,hd-classical,/content/musan_data/musan/music/hd-classical/music-hd-0058.wav,16000,1,3126753,195.422,PCM_16,,"westernart,romantic N Bernd_Krueger Albeniz","westernart,romantic",N,Bernd_Krueger,Albeniz,Bernd_Krueger,western-art,,,
music-hd-0059,music,hd-classical,/content/musan_data/musan/music/hd-classical/music-hd-0059.wav,16000,1,3896216,243.513,PCM_16,,"westernart,romantic N Bernd_Krueger Albeniz","westernart,romantic",N,Bernd_Krueger,Albeniz,Bernd_Krueger,western-art,,,
music-hd-0060,music,hd-classical,/content/musan_data/musan/music/hd-classical/music-hd-0060.wav,16000,1,4885943,305.371,PCM_16,,"westernart,romantic N Bernd_Krueger Albeniz","westernart,romantic",N,Bernd_Krueger,Albeniz,Bernd_Krueger,western-art,,,
music-hd-0061,music,hd-classical,/content/musan_data/musan/music/hd-classical/music-hd-0061.wav,16000,1,3537607,221.1,PCM_16,,"westernart,romantic N Bernd_Krueger Albeniz","westernart,romantic",N,Bernd_Krueger,Albeniz,Bernd_Krueger,western-art,,,
music-hd-0062,music,hd-classical,/content/musan_data/musan/music/hd-classical/music-hd-0062.wav,16000,1,2502322,156.395,PCM_16,,"westernart,romantic N Bernd_Krueger Albeniz","westernart,romantic",N,Bernd_Krueger,Albeniz,Bernd_Krueger,western-art,,,
music-hd-0063,music,hd-classical,/content/musan_data/musan/music/hd-classical/music-hd-0063.wav,16000,1,4355553,272.222,PCM_16,,"westernart,romantic N Bernd_Krueger Albeniz","westernart,romantic",N,Bernd_Krueger,Albeniz,Bernd_Krueger,western-art,,,
music-hd-0064,music,hd-classical,/content/musan_data/musan/music/hd-classical/music-hd-0064.wav,16000,1,4029962,251.873,PCM_16,,"westernart,romantic N Bernd_Krueger Albeniz","westernart,romantic",N,Bernd_Krueger,Albeniz,Bernd_Krueger,western-art,,,
music-hd-0065,music,hd-classical,/content/musan_data/musan/music/hd-classical/music-hd-0065.wav,16000,1,1387207,86.7,PCM_16,,"westernart,romantic N Bernd_Krueger Burgmuller","westernart,romantic",N,Bernd_Krueger,Burgmuller,Bernd_Krueger,western-art,,,
music-hd-0066,music,hd-classical,/content/musan_data/musan/music/hd-classical/music-hd-0066.wav,16000,1,1689809,105.613,PCM_16,,"westernart,romantic N Bernd_Krueger Burgmuller","westernart,romantic",N,Bernd_Krueger,Burgmuller,Bernd_Krueger,western-art,,,
music-hd-0067,music,hd-classical,/content/musan_data/musan/music/hd-classical/music-hd-0067.wav,16000,1,1436526,89.783,PCM_16,,"westernart,romantic N Bernd_Krueger Burgmuller","westernart,romantic",N,Bernd_Krueger,Burgmuller,Bernd_Krueger,western-art,,,
music-hd-0068,music,hd-classical,/content/musan_data/musan/music/hd-classical/music-hd-0068.wav,16000,1,1271850,79.491,PCM_16,,"westernart,romantic N Bernd_Krueger Burgmuller","westernart,romantic",N,Bernd_Krueger,Burgmuller,Bernd_Krueger,western-art,,,
music-hd-0069,music,hd-classical,/content/musan_data/musan/music/hd-classical/music-hd-0069.wav,16000,1,2292924,143.308,PCM_16,,"westernart,romantic N Bernd_Krueger Chopin","westernart,romantic",N,Bernd_Krueger,Chopin,Bernd_Krueger,western-art,,,
music-hd-0070,music,hd-classical,/content/musan_data/musan/music/hd-classical/music-hd-0070.wav,16000,1,1443631,90.227,PCM_16,,"westernart,romantic N Bernd_Krueger Chopin","westernart,romantic",N,Bernd_Krueger,Chopin,Bernd_Krueger,western-art,,,
music-hd-0071,music,hd-classical,/content/musan_data/musan/music/hd-classical/music-hd-0071.wav,16000,1,3084121,192.758,PCM_16,,"westernart,romantic N Bernd_Krueger Chopin","westernart,romantic",N,Bernd_Krueger,Chopin,Bernd_Krueger,western-art,,,
music-hd-0072,music,hd-classical,/content/musan_data/musan/music/hd-classical/music-hd-0072.wav,16000,1,2234410,139.651,PCM_16,,"westernart,romantic N Bernd_Krueger Chopin","westernart,romantic",N,Bernd_Krueger,Chopin,Bernd_Krueger,western-art,,,
music-hd-0073,music,hd-classical,/content/musan_data/musan/music/hd-classical/music-hd-0073.wav,16000,1,2314658,144.666,PCM_16,,"westernart,romantic N Bernd_Krueger Chopin","westernart,romantic",N,Bernd_Krueger,Chopin,Bernd_Krueger,western-art,,,
music-hd-0074,music,hd-classical,/content/musan_data/musan/music/hd-classical/music-hd-0074.wav,16000,1,5726459,357.904,PCM_16,,"westernart,romantic N Bernd_Krueger Chopin","westernart,romantic",N,Bernd_Krueger,Chopin,Bernd_Krueger,western-art,,,
music-jamendo-0000,music,jamendo,/content/musan_data/musan/music/jamendo/music-jamendo-0000.wav,16000,1,7549584,471.849,PCM_16,,"jazz,adventure N AFTER_WORK","jazz,adventure",N,AFTER_WORK,,AFTER_WORK,jazz,,,
music-jamendo-0001,music,jamendo,/content/musan_data/musan/music/jamendo/music-jamendo-0001.wav,16000,1,4914768,307.173,PCM_16,,"jazz,adventure N AFTER_WORK","jazz,adventure",N,AFTER_WORK,,AFTER_WORK,jazz,,,
music-jamendo-0002,music,jamendo,/content/musan_data/musan/music/jamendo/music-jamendo-0002.wav,16000,1,5672960,354.56,PCM_16,,"jazz,adventure N AFTER_WORK","jazz,adventure",N,AFTER_WORK,,AFTER_WORK,jazz,,,
music-jamendo-0003,music,jamendo,/content/musan_data/musan/music/jamendo/music-jamendo-0003.wav,16000,1,2642752,165.172,PCM_16,,jazz N AFTER_WORK,jazz,N,AFTER_WORK,,AFTER_WORK,jazz,,,
music-jamendo-0004,music,jamendo,/content/musan_data/musan/music/jamendo/music-jamendo-0004.wav,16000,1,6029056,376.816,PCM_16,,"jazz,adventure N AFTER_WORK","jazz,adventure",N,AFTER_WORK,,AFTER_WORK,jazz,,,
music-jamendo-0005,music,jamendo,/content/musan_data/musan/music/jamendo/music-jamendo-0005.wav,16000,1,4713728,294.608,PCM_16,,"jazz,adventure N AFTER_WORK","jazz,adventure",N,AFTER_WORK,,AFTER_WORK,jazz,,,
music-jamendo-0006,music,jamendo,/content/musan_data/musan/music/jamendo/music-jamendo-0006.wav,16000,1,6757968,422.373,PCM_16,,jazz N AFTER_WORK,jazz,N,AFTER_WORK,,AFTER_WORK,jazz,,,
music-jamendo-0007,music,jamendo,/content/musan_data/musan/music/jamendo/music-jamendo-0007.wav,16000,1,5947136,371.696,PCM_16,,"jazz,adventure N AFTER_WORK","jazz,adventure",N,AFTER_WORK,,AFTER_WORK,jazz,,,
music-jamendo-0008,music,jamendo,/content/musan_data/musan/music/jamendo/music-jamendo-0008.wav,16000,1,6553168,409.573,PCM_16,,jazz N AFTER_WORK,jazz,N,AFTER_WORK,,AFTER_WORK,jazz,,,
music-jamendo-0009,music,jamendo,/content/musan_data/musan/music/jamendo/music-jamendo-0009.wav,16000,1,2855904,178.494,PCM_16,,"rap,metal Y Airoinsidia","rap,metal",Y,Airoinsidia,,Airoinsidia,rap,,,
music-jamendo-0010,music,jamendo,/content/musan_data/musan/music/jamendo/music-jamendo-0010.wav,16000,1,2828736,176.796,PCM_16,,"rap,metal Y Airoinsidia","rap,metal",Y,Airoinsidia,,Airoinsidia,rap,,,
music-jamendo-0011,music,jamendo,/content/musan_data/musan/music/jamendo/music-jamendo-0011.wav,16000,1,3065728,191.608,PCM_16,,"rap,metal Y Airoinsidia","rap,metal",Y,Airoinsidia,,Airoinsidia,rap,,,
music-jamendo-0012,music,jamendo,/content/musan_data/musan/music/jamendo/music-jamendo-0012.wav,16000,1,2841696,177.606,PCM_16,,"rap,metal Y Airoinsidia","rap,metal",Y,Airoinsidia,,Airoinsidia,rap,,,
music-jamendo-0013,music,jamendo,/content/musan_data/musan/music/jamendo/music-jamendo-0013.wav,16000,1,3275120,204.695,PCM_16,,"rap,metal Y Airoinsidia","rap,metal",Y,Airoinsidia,,Airoinsidia,rap,,,
music-jamendo-0014,music,jamendo,/content/musan_data/musan/music/jamendo/music-jamendo-0014.wav,16000,1,3155168,197.198,PCM_16,,"rap,metal Y Airoinsidia","rap,metal",Y,Airoinsidia,,Airoinsidia,rap,,,
music-jamendo-0015,music,jamendo,/content/musan_data/musan/music/jamendo/music-jamendo-0015.wav,16000,1,2794464,174.654,PCM_16,,"rap,metal Y Airoinsidia","rap,metal",Y,Airoinsidia,,Airoinsidia,rap,,,
music-jamendo-0016,music,jamendo,/content/musan_data/musan/music/jamendo/music-jamendo-0016.wav,16000,1,3206992,200.437,PCM_16,,"rap,metal Y Airoinsidia","rap,metal",Y,Airoinsidia,,Airoinsidia,rap,,,
music-jamendo-0017,music,jamendo,/content/musan_data/musan/music/jamendo/music-jamendo-0017.wav,16000,1,2702512,168.907,PCM_16,,"rap,metal Y Airoinsidia","rap,metal",Y,Airoinsidia,,Airoinsidia,rap,,,
music-jamendo-0018,music,jamendo,/content/musan_data/musan/music/jamendo/music-jamendo-0018.wav,16000,1,5433456,339.591,PCM_16,,"pop,gospel Y Angelo","pop,gospel",Y,Angelo,,Angelo,pop,,,
music-jamendo-0019,music,jamendo,/content/musan_data/musan/music/jamendo/music-jamendo-0019.wav,16000,1,7362768,460.173,PCM_16,,"pop,gospel Y Angelo","pop,gospel",Y,Angelo,,Angelo,pop,,,
music-jamendo-0020,music,jamendo,/content/musan_data/musan/music/jamendo/music-jamendo-0020.wav,16000,1,5762400,360.15,PCM_16,,"pop,gospel Y Angelo","pop,gospel",Y,Angelo,,Angelo,pop,,,
music-jamendo-0021,music,jamendo,/content/musan_data/musan/music/jamendo/music-jamendo-0021.wav,16000,1,3976032,248.502,PCM_16,,"pop,gospel Y Angelo","pop,gospel",Y,Angelo,,Angelo,pop,,,
music-jamendo-0022,music,jamendo,/content/musan_data/musan/music/jamendo/music-jamendo-0022.wav,16000,1,5601488,350.093,PCM_16,,"pop,gospel Y Angelo","pop,gospel",Y,Angelo,,Angelo,pop,,,
music-jamendo-0023,music,jamendo,/content/musan_data/musan/music/jamendo/music-jamendo-0023.wav,16000,1,4817808,301.113,PCM_16,,"pop,gospel Y Angelo","pop,gospel",Y,Angelo,,Angelo,pop,,,
music-jamendo-0024,music,jamendo,/content/musan_data/musan/music/jamendo/music-jamendo-0024.wav,16000,1,768624,48.039,PCM_16,,"metal,rap N A_Tragedy","metal,rap",N,A_Tragedy,,A_Tragedy,metal,,,
music-jamendo-0025,music,jamendo,/content/musan_data/musan/music/jamendo/music-jamendo-0025.wav,16000,1,3691824,230.739,PCM_16,,"metal,rap Y A_Tragedy","metal,rap",Y,A_Tragedy,,A_Tragedy,metal,,,
music-jamendo-0026,music,jamendo,/content/musan_data/musan/music/jamendo/music-jamendo-0026.wav,16000,1,3275120,204.695,PCM_16,,"metal,rap Y A_Tragedy","metal,rap",Y,A_Tragedy,,A_Tragedy,metal,,,
music-jamendo-0027,music,jamendo,/content/musan_data/musan/music/jamendo/music-jamendo-0027.wav,16000,1,3219952,201.247,PCM_16,,"metal,rap Y A_Tragedy","metal,rap",Y,A_Tragedy,,A_Tragedy,metal,,,
music-jamendo-0028,music,jamendo,/content/musan_data/musan/music/jamendo/music-jamendo-0028.wav,16000,1,4465472,279.092,PCM_16,,"metal,rock Y A_Tragedy","metal,rock",Y,A_Tragedy,,A_Tragedy,metal,,,
music-jamendo-0029,music,jamendo,/content/musan_data/musan/music/jamendo/music-jamendo-0029.wav,16000,1,3050672,190.667,PCM_16,,"metal,rock Y A_Tragedy","metal,rock",Y,A_Tragedy,,A_Tragedy,metal,,,
music-jamendo-0030,music,jamendo,/content/musan_data/musan/music/jamendo/music-jamendo-0030.wav,16000,1,2410368,150.648,PCM_16,,"metal,rap Y A_Tragedy","metal,rap",Y,A_Tragedy,,A_Tragedy,metal,,,
music-jamendo-0031,music,jamendo,/content/musan_data/musan/music/jamendo/music-jamendo-0031.wav,16000,1,4588768,286.798,PCM_16,,pop Y Backnbloom,pop,Y,Backnbloom,,Backnbloom,pop,,,
music-jamendo-0032,music,jamendo,/content/musan_data/musan/music/jamendo/music-jamendo-0032.wav,16000,1,3060704,191.294,PCM_16,,pop Y Backnbloom,pop,Y,Backnbloom,,Backnbloom,pop,,,
music-jamendo-0033,music,jamendo,/content/musan_data/musan/music/jamendo/music-jamendo-0033.wav,16000,1,3968096,248.006,PCM_16,,pop Y Backnbloom,pop,Y,Backnbloom,,Backnbloom,pop,,,
music-jamendo-0034,music,jamendo,/content/musan_data/musan/music/jamendo/music-jamendo-0034.wav,16000,1,4234752,264.672,PCM_16,,pop Y Backnbloom,pop,Y,Backnbloom,,Backnbloom,pop,,,
music-jamendo-0035,music,jamendo,/content/musan_data/musan/music/jamendo/music-jamendo-0035.wav,16000,1,3781680,236.355,PCM_16,,pop Y Backnbloom,pop,Y,Backnbloom,,Backnbloom,pop,,,
music-jamendo-0036,music,jamendo,/content/musan_data/musan/music/jamendo/music-jamendo-0036.wav,16000,1,3661312,228.832,PCM_16,,pop Y Backnbloom,pop,Y,Backnbloom,,Backnbloom,pop,,,
music-jamendo-0037,music,jamendo,/content/musan_data/musan/music/jamendo/music-jamendo-0037.wav,16000,1,3296016,206.001,PCM_16,,pop Y Backnbloom,pop,Y,Backnbloom,,Backnbloom,pop,,,
music-jamendo-0038,music,jamendo,/content/musan_data/musan/music/jamendo/music-jamendo-0038.wav,16000,1,2781504,173.844,PCM_16,,"pop,electronica Y Backnbloom","pop,electronica",Y,Backnbloom,,Backnbloom,pop,,,
music-jamendo-0039,music,jamendo,/content/musan_data/musan/music/jamendo/music-jamendo-0039.wav,16000,1,5120832,320.052,PCM_16,,"jazz,pop,soul N Bellanger","jazz,pop,soul",N,Bellanger,,Bellanger,jazz,,,
music-jamendo-0040,music,jamendo,/content/musan_data/musan/music/jamendo/music-jamendo-0040.wav,16000,1,4637664,289.854,PCM_16,,"jazz,pop,funk N Bellanger","jazz,pop,funk",N,Bellanger,,Bellanger,jazz,,,
music-jamendo-0041,music,jamendo,/content/musan_data/musan/music/jamendo/music-jamendo-0041.wav,16000,1,3185264,199.079,PCM_16,,"pop,soul,electronica N Bellanger","pop,soul,electronica",N,Bellanger,,Bellanger,pop,,,
music-jamendo-0042,music,jamendo,/content/musan_data/musan/music/jamendo/music-jamendo-0042.wav,16000,1,4904736,306.546,PCM_16,,electronica N Bod,electronica,N,Bod,,Bod,electronica,,,
music-jamendo-0043,music,jamendo,/content/musan_data/musan/music/jamendo/music-jamendo-0043.wav,16000,1,4875072,304.692,PCM_16,,electronica N Bod,electronica,N,Bod,,Bod,electronica,,,
music-jamendo-0044,music,jamendo,/content/musan_data/musan/music/jamendo/music-jamendo-0044.wav,16000,1,3808432,238.027,PCM_16,,electronica N Bod,electronica,N,Bod,,Bod,electronica,,,
music-jamendo-0045,music,jamendo,/content/musan_data/musan/music/jamendo/music-jamendo-0045.wav,16000,1,4212608,263.288,PCM_16,,electronica N Bod,electronica,N,Bod,,Bod,electronica,,,
music-jamendo-0046,music,jamendo,/content/musan_data/musan/music/jamendo/music-jamendo-0046.wav,16000,1,4620944,288.809,PCM_16,,electronica N Bod,electronica,N,Bod,,Bod,electronica,,,
music-jamendo-0047,music,jamendo,/content/musan_data/musan/music/jamendo/music-jamendo-0047.wav,16000,1,4551568,284.473,PCM_16,,electronica N BS,electronica,N,BS,,BS,electronica,,,
music-jamendo-0048,music,jamendo,/content/musan_data/musan/music/jamendo/music-jamendo-0048.wav,16000,1,5006720,312.92,PCM_16,,electronica N BS,electronica,N,BS,,BS,electronica,,,
music-jamendo-0049,music,jamendo,/content/musan_data/musan/music/jamendo/music-jamendo-0049.wav,16000,1,5006720,312.92,PCM_16,,electronica N BS,electronica,N,BS,,BS,electronica,,,
music-jamendo-0050,music,jamendo,/content/musan_data/musan/music/jamendo/music-jamendo-0050.wav,16000,1,5461888,341.368,PCM_16,,"electronica,dance N BS","electronica,dance",N,BS,,BS,electronica,,,
music-jamendo-0051,music,jamendo,/content/musan_data/musan/music/jamendo/music-jamendo-0051.wav,16000,1,4096416,256.026,PCM_16,,"electronica,dance N BS","electronica,dance",N,BS,,BS,electronica,,,
music-jamendo-0052,music,jamendo,/content/musan_data/musan/music/jamendo/music-jamendo-0052.wav,16000,1,3641664,227.604,PCM_16,,"electronica,dance N BS","electronica,dance",N,BS,,BS,electronica,,,
music-jamendo-0053,music,jamendo,/content/musan_data/musan/music/jamendo/music-jamendo-0053.wav,16000,1,4324192,270.262,PCM_16,,"electronica,adventure N BS","electronica,adventure",N,BS,,BS,electronica,,,
music-jamendo-0054,music,jamendo,/content/musan_data/musan/music/jamendo/music-jamendo-0054.wav,16000,1,5461888,341.368,PCM_16,,"electronica,dance N BS","electronica,dance",N,BS,,BS,electronica,,,
music-jamendo-0055,music,jamendo,/content/musan_data/musan/music/jamendo/music-jamendo-0055.wav,16000,1,5006720,312.92,PCM_16,,"electronica,dance N BS","electronica,dance",N,BS,,BS,electronica,,,
music-jamendo-0056,music,jamendo,/content/musan_data/musan/music/jamendo/music-jamendo-0056.wav,16000,1,6577408,411.088,PCM_16,,pop Y Cantus,pop,Y,Cantus,,Cantus,pop,,,
music-jamendo-0057,music,jamendo,/content/musan_data/musan/music/jamendo/music-jamendo-0057.wav,16000,1,3830592,239.412,PCM_16,,pop Y Cantus,pop,Y,Cantus,,Cantus,pop,,,
music-jamendo-0058,music,jamendo,/content/musan_data/musan/music/jamendo/music-jamendo-0058.wav,16000,1,3210336,200.646,PCM_16,,pop Y Cantus,pop,Y,Cantus,,Cantus,pop,,,
music-jamendo-0059,music,jamendo,/content/musan_data/musan/music/jamendo/music-jamendo-0059.wav,16000,1,3786288,236.643,PCM_16,,adventure Y Cantus,adventure,Y,Cantus,,Cantus,adventure,,,
music-jamendo-0060,music,jamendo,/content/musan_data/musan/music/jamendo/music-jamendo-0060.wav,16000,1,5887360,367.96,PCM_16,,adventure Y Cantus,adventure,Y,Cantus,,Cantus,adventure,,,
music-jamendo-0061,music,jamendo,/content/musan_data/musan/music/jamendo/music-jamendo-0061.wav,16000,1,4032048,252.003,PCM_16,,pop Y Carnal,pop,Y,Carnal,,Carnal,pop,,,
music-jamendo-0062,music,jamendo,/content/musan_data/musan/music/jamendo/music-jamendo-0062.wav,16000,1,2367728,147.983,PCM_16,,pop Y Carnal,pop,Y,Carnal,,Carnal,pop,,,
music-jamendo-0063,music,jamendo,/content/musan_data/musan/music/jamendo/music-jamendo-0063.wav,16000,1,1309872,81.867,PCM_16,,pop N Carnal,pop,N,Carnal,,Carnal,pop,,,
music-jamendo-0064,music,jamendo,/content/musan_data/musan/music/jamendo/music-jamendo-0064.wav,16000,1,3286816,205.426,PCM_16,,pop Y Carnal,pop,Y,Carnal,,Carnal,pop,,,
music-jamendo-0065,music,jamendo,/content/musan_data/musan/music/jamendo/music-jamendo-0065.wav,16000,1,3482432,217.652,PCM_16,,pop Y Carnal,pop,Y,Carnal,,Carnal,pop,,,
music-jamendo-0066,music,jamendo,/content/musan_data/musan/music/jamendo/music-jamendo-0066.wav,16000,1,3348688,209.293,PCM_16,,pop Y Carnal,pop,Y,Carnal,,Carnal,pop,,,
music-jamendo-0067,music,jamendo,/content/musan_data/musan/music/jamendo/music-jamendo-0067.wav,16000,1,3825152,239.072,PCM_16,,"pop,jazz Y Carnal","pop,jazz",Y,Carnal,,Carnal,pop,,,
music-jamendo-0068,music,jamendo,/content/musan_data/musan/music/jamendo/music-jamendo-0068.wav,16000,1,3825152,239.072,PCM_16,,"pop,jazz Y Carnal","pop,jazz",Y,Carnal,,Carnal,pop,,,
music-jamendo-0069,music,jamendo,/content/musan_data/musan/music/jamendo/music-jamendo-0069.wav,16000,1,4387728,274.233,PCM_16,,pop Y Carnal,pop,Y,Carnal,,Carnal,pop,,,
music-jamendo-0070,music,jamendo,/content/musan_data/musan/music/jamendo/music-jamendo-0070.wav,16000,1,5099088,318.693,PCM_16,,"pop,hiphop,rock N FOURTEENO","pop,hiphop,rock",N,FOURTEENO,,FOURTEENO,pop,,,
music-jamendo-0071,music,jamendo,/content/musan_data/musan/music/jamendo/music-jamendo-0071.wav,16000,1,3413040,213.315,PCM_16,,"pop,hiphop,rock N FOURTEENO","pop,hiphop,rock",N,FOURTEENO,,FOURTEENO,pop,,,
music-jamendo-0072,music,jamendo,/content/musan_data/musan/music/jamendo/music-jamendo-0072.wav,16000,1,4104768,256.548,PCM_16,,"pop,hiphop,rock N FOURTEENO","pop,hiphop,rock",N,FOURTEENO,,FOURTEENO,pop,,,
music-jamendo-0073,music,jamendo,/content/musan_data/musan/music/jamendo/music-jamendo-0073.wav,16000,1,3122560,195.16,PCM_16,,"country,blues,rock Y Freeky_Cleen","country,blues,rock",Y,Freeky_Cleen,,Freeky_Cleen,country,,,
music-jamendo-0074,music,jamendo,/content/musan_data/musan/music/jamendo/music-jamendo-0074.wav,16000,1,3264672,204.042,PCM_16,,"blues,rock,pop Y Freeky_Cleen","blues,rock,pop",Y,Freeky_Cleen,,Freeky_Cleen,blues,,,
music-jamendo-0075,music,jamendo,/content/musan_data/musan/music/jamendo/music-jamendo-0075.wav,16000,1,2715472,169.717,PCM_16,,"blues,rock,rnb Y Freeky_Cleen","blues,rock,rnb",Y,Freeky_Cleen,,Freeky_Cleen,blues,,,
music-jamendo-0076,music,jamendo,/content/musan_data/musan/music/jamendo/music-jamendo-0076.wav,16000,1,3904992,244.062,PCM_16,,"blues,indierock Y Freeky_Cleen","blues,indierock",Y,Freeky_Cleen,,Freeky_Cleen,blues,,,
music-jamendo-0077,music,jamendo,/content/musan_data/musan/music/jamendo/music-jamendo-0077.wav,16000,1,3703104,231.444,PCM_16,,"blues,rock,country Y Freeky_Cleen","blues,rock,country",Y,Freeky_Cleen,,Freeky_Cleen,blues,,,
music-jamendo-0078,music,jamendo,/content/musan_data/musan/music/jamendo/music-jamendo-0078.wav,16000,1,3369168,210.573,PCM_16,,"rock,funk,country Y Freeky_Cleen","rock,funk,country",Y,Freeky_Cleen,,Freeky_Cleen,rock,,,
music-jamendo-0079,music,jamendo,/content/musan_data/musan/music/jamendo/music-jamendo-0079.wav,16000,1,2902720,181.42,PCM_16,,"blues,rock Y Freeky_Cleen","blues,rock",Y,Freeky_Cleen,,Freeky_Cleen,blues,,,
music-jamendo-0080,music,jamendo,/content/musan_data/musan/music/jamendo/music-jamendo-0080.wav,16000,1,3354112,209.632,PCM_16,,"rap,hiphop Y Good_kit","rap,hiphop",Y,Good_kit,,Good_kit,rap,,,
music-jamendo-0081,music,jamendo,/content/musan_data/musan/music/jamendo/music-jamendo-0081.wav,16000,1,3500816,218.801,PCM_16,,"rap,hiphop N Good_kit","rap,hiphop",N,Good_kit,,Good_kit,rap,,,
music-jamendo-0082,music,jamendo,/content/musan_data/musan/music/jamendo/music-jamendo-0082.wav,16000,1,3178576,198.661,PCM_16,,"rap,hiphop N Good_kit","rap,hiphop",N,Good_kit,,Good_kit,rap,,,
music-jamendo-0083,music,jamendo,/content/musan_data/musan/music/jamendo/music-jamendo-0083.wav,16000,1,3352448,209.528,PCM_16,,"rap,hiphop N Good_kit","rap,hiphop",N,Good_kit,,Good_kit,rap,,,
music-jamendo-0084,music,jamendo,/content/musan_data/musan/music/jamendo/music-jamendo-0084.wav,16000,1,1844032,115.252,PCM_16,,"rap,hiphop N Good_kit","rap,hiphop",N,Good_kit,,Good_kit,rap,,,
music-jamendo-0085,music,jamendo,/content/musan_data/musan/music/jamendo/music-jamendo-0085.wav,16000,1,2947440,184.215,PCM_16,,"rap,hiphop N Good_kit","rap,hiphop",N,Good_kit,,Good_kit,rap,,,
music-jamendo-0086,music,jamendo,/content/musan_data/musan/music/jamendo/music-jamendo-0086.wav,16000,1,1401408,87.588,PCM_16,,"rap,hiphop N Good_kit","rap,hiphop",N,Good_kit,,Good_kit,rap,,,
music-jamendo-0087,music,jamendo,/content/musan_data/musan/music/jamendo/music-jamendo-0087.wav,16000,1,4703280,293.955,PCM_16,,dance Y Hasenchat,dance,Y,Hasenchat,,Hasenchat,dance,,,
music-jamendo-0088,music,jamendo,/content/musan_data/musan/music/jamendo/music-jamendo-0088.wav,16000,1,3200304,200.019,PCM_16,,dance Y Hasenchat,dance,Y,Hasenchat,,Hasenchat,dance,,,
music-jamendo-0089,music,jamendo,/content/musan_data/musan/music/jamendo/music-jamendo-0089.wav,16000,1,4160768,260.048,PCM_16,,dance Y Hasenchat,dance,Y,Hasenchat,,Hasenchat,dance,,,
music-jamendo-0090,music,jamendo,/content/musan_data/musan/music/jamendo/music-jamendo-0090.wav,16000,1,4958240,309.89,PCM_16,,dance Y Hasenchat,dance,Y,Hasenchat,,Hasenchat,dance,,,
music-jamendo-0091,music,jamendo,/content/musan_data/musan/music/jamendo/music-jamendo-0091.wav,16000,1,5346944,334.184,PCM_16,,dance Y Hasenchat,dance,Y,Hasenchat,,Hasenchat,dance,,,
music-jamendo-0092,music,jamendo,/content/musan_data/musan/music/jamendo/music-jamendo-0092.wav,16000,1,3038560,189.91,PCM_16,,dance Y Hasenchat,dance,Y,Hasenchat,,Hasenchat,dance,,,
music-jamendo-0093,music,jamendo,/content/musan_data/musan/music/jamendo/music-jamendo-0093.wav,16000,1,4800672,300.042,PCM_16,,dance Y Hasenchat,dance,Y,Hasenchat,,Hasenchat,dance,,,
music-jamendo-0094,music,jamendo,/content/musan_data/musan/music/jamendo/music-jamendo-0094.wav,16000,1,4800672,300.042,PCM_16,,dance Y Hasenchat,dance,Y,Hasenchat,,Hasenchat,dance,,,
music-jamendo-0095,music,jamendo,/content/musan_data/musan/music/jamendo/music-jamendo-0095.wav,16000,1,2817040,176.065,PCM_16,,"rap,metal,electronica Y Ice","rap,metal,electronica",Y,Ice,,Ice,rap,,,
music-jamendo-0096,music,jamendo,/content/musan_data/musan/music/jamendo/music-jamendo-0096.wav,16000,1,3557248,222.328,PCM_16,,"rap,metal Y Ice","rap,metal",Y,Ice,,Ice,rap,,,
music-jamendo-0097,music,jamendo,/content/musan_data/musan/music/jamendo/music-jamendo-0097.wav,16000,1,3772080,235.755,PCM_16,,"rap,metal,electronica Y Ice","rap,metal,electronica",Y,Ice,,Ice,rap,,,
music-jamendo-0098,music,jamendo,/content/musan_data/musan/music/jamendo/music-jamendo-0098.wav,16000,1,3393824,212.114,PCM_16,,"rap,metal Y Ice","rap,metal",Y,Ice,,Ice,rap,,,
music-jamendo-0099,music,jamendo,/content/musan_data/musan/music/jamendo/music-jamendo-0099.wav,16000,1,1825216,114.076,PCM_16,,"rap,metal,hiphop Y Ice","rap,metal,hiphop",Y,Ice,,Ice,rap,,,
music-jamendo-0100,music,jamendo,/content/musan_data/musan/music/jamendo/music-jamendo-0100.wav,16000,1,4157856,259.866,PCM_16,,"rap,metal,electronica Y Ice","rap,metal,electronica",Y,Ice,,Ice,rap,,,
music-jamendo-0101,music,jamendo,/content/musan_data/musan/music/jamendo/music-jamendo-0101.wav,16000,1,1037360,64.835,PCM_16,,"pop,folk Y Jos_Carillo","pop,folk",Y,Jos_Carillo,,Jos_Carillo,pop,,,
music-jamendo-0102,music,jamendo,/content/musan_data/musan/music/jamendo/music-jamendo-0102.wav,16000,1,3425584,214.099,PCM_16,,"pop,folk Y Jos_Carillo","pop,folk",Y,Jos_Carillo,,Jos_Carillo,pop,,,
music-jamendo-0103,music,jamendo,/content/musan_data/musan/music/jamendo/music-jamendo-0103.wav,16000,1,2708368,169.273,PCM_16,,"pop,folk Y Jos_Carillo","pop,folk",Y,Jos_Carillo,,Jos_Carillo,pop,,,
music-jamendo-0104,music,jamendo,/content/musan_data/musan/music/jamendo/music-jamendo-0104.wav,16000,1,3070320,191.895,PCM_16,,"pop,folk Y Jos_Carillo","pop,folk",Y,Jos_Carillo,,Jos_Carillo,pop,,,
music-jamendo-0105,music,jamendo,/content/musan_data/musan/music/jamendo/music-jamendo-0105.wav,16000,1,1958128,122.383,PCM_16,,"pop,folk Y Jos_Carillo","pop,folk",Y,Jos_Carillo,,Jos_Carillo,pop,,,
music-jamendo-0106,music,jamendo,/content/musan_data/musan/music/jamendo/music-jamendo-0106.wav,16000,1,3689312,230.582,PCM_16,,"pop,folk Y Jos_Carillo","pop,folk",Y,Jos_Carillo,,Jos_Carillo,pop,,,
music-jamendo-0107,music,jamendo,/content/musan_data/musan/music/jamendo/music-jamendo-0107.wav,16000,1,5838048,364.878,PCM_16,,,,,,,music-jamendo-0107,unknown,,,
music-jamendo-0108,music,jamendo,/content/musan_data/musan/music/jamendo/music-jamendo-0108.wav,16000,1,5440144,340.009,PCM_16,,"funk,electronica N JPMOUNIER","funk,electronica",N,JPMOUNIER,,JPMOUNIER,funk,,,
music-jamendo-0109,music,jamendo,/content/musan_data/musan/music/jamendo/music-jamendo-0109.wav,16000,1,5808368,363.023,PCM_16,,"jazz,adventure N JPMOUNIER","jazz,adventure",N,JPMOUNIER,,JPMOUNIER,jazz,,,
music-jamendo-0110,music,jamendo,/content/musan_data/musan/music/jamendo/music-jamendo-0110.wav,16000,1,4950304,309.394,PCM_16,,,,,,,music-jamendo-0110,unknown,,,
music-jamendo-0111,music,jamendo,/content/musan_data/musan/music/jamendo/music-jamendo-0111.wav,16000,1,3665488,229.093,PCM_16,,"hiphop,rap Y Katrina","hiphop,rap",Y,Katrina,,Katrina,hiphop,,,
music-jamendo-0112,music,jamendo,/content/musan_data/musan/music/jamendo/music-jamendo-0112.wav,16000,1,2254048,140.878,PCM_16,,"hiphop,rap Y Katrina","hiphop,rap",Y,Katrina,,Katrina,hiphop,,,
music-jamendo-0113,music,jamendo,/content/musan_data/musan/music/jamendo/music-jamendo-0113.wav,16000,1,4035392,252.212,PCM_16,,"hiphop,rap Y Katrina","hiphop,rap",Y,Katrina,,Katrina,hiphop,,,
music-jamendo-0114,music,jamendo,/content/musan_data/musan/music/jamendo/music-jamendo-0114.wav,16000,1,2776496,173.531,PCM_16,,"hiphop,rap Y Katrina","hiphop,rap",Y,Katrina,,Katrina,hiphop,,,
music-jamendo-0115,music,jamendo,/content/musan_data/musan/music/jamendo/music-jamendo-0115.wav,16000,1,3415552,213.472,PCM_16,,"hiphop,rap Y Katrina","hiphop,rap",Y,Katrina,,Katrina,hiphop,,,
music-jamendo-0116,music,jamendo,/content/musan_data/musan/music/jamendo/music-jamendo-0116.wav,16000,1,3922544,245.159,PCM_16,,"hiphop,rap Y Katrina","hiphop,rap",Y,Katrina,,Katrina,hiphop,,,
music-jamendo-0117,music,jamendo,/content/musan_data/musan/music/jamendo/music-jamendo-0117.wav,16000,1,4286576,267.911,PCM_16,,"hiphop,rap Y Katrina","hiphop,rap",Y,Katrina,,Katrina,hiphop,,,
music-jamendo-0118,music,jamendo,/content/musan_data/musan/music/jamendo/music-jamendo-0118.wav,16000,1,2019984,126.249,PCM_16,,"hiphop,rap Y Katrina","hiphop,rap",Y,Katrina,,Katrina,hiphop,,,
music-jamendo-0119,music,jamendo,/content/musan_data/musan/music/jamendo/music-jamendo-0119.wav,16000,1,2991744,186.984,PCM_16,,"pop,rock,soul Y Latasha_Lee","pop,rock,soul",Y,Latasha_Lee,,Latasha_Lee,pop,,,
music-jamendo-0120,music,jamendo,/content/musan_data/musan/music/jamendo/music-jamendo-0120.wav,16000,1,4555328,284.708,PCM_16,,"pop,folk Y Lobo_Loco","pop,folk",Y,Lobo_Loco,,Lobo_Loco,pop,,,
music-jamendo-0121,music,jamendo,/content/musan_data/musan/music/jamendo/music-jamendo-0121.wav,16000,1,4726688,295.418,PCM_16,,"blues,jazz,adventure Y Lobo_Loco","blues,jazz,adventure",Y,Lobo_Loco,,Lobo_Loco,blues,,,
music-jamendo-0122,music,jamendo,/content/musan_data/musan/music/jamendo/music-jamendo-0122.wav,16000,1,3519632,219.977,PCM_16,,"pop,folk Y Lobo_Loco","pop,folk",Y,Lobo_Loco,,Lobo_Loco,pop,,,
music-jamendo-0123,music,jamendo,/content/musan_data/musan/music/jamendo/music-jamendo-0123.wav,16000,1,3328208,208.013,PCM_16,,"pop,jazz,latin Y Lobo_Loco","pop,jazz,latin",Y,Lobo_Loco,,Lobo_Loco,pop,,,
music-jamendo-0124,music,jamendo,/content/musan_data/musan/music/jamendo/music-jamendo-0124.wav,16000,1,3529664,220.604,PCM_16,,"pop,electronica Y Lollita","pop,electronica",Y,Lollita,,Lollita,pop,,,
music-jamendo-0125,music,jamendo,/content/musan_data/musan/music/jamendo/music-jamendo-0125.wav,16000,1,3265504,204.094,PCM_16,,pop Y Lollita,pop,Y,Lollita,,Lollita,pop,,,
music-jamendo-0126,music,jamendo,/content/musan_data/musan/music/jamendo/music-jamendo-0126.wav,16000,1,3528400,220.525,PCM_16,,"pop,electronica,hiphop Y Lollita","pop,electronica,hiphop",Y,Lollita,,Lollita,pop,,,
music-jamendo-0127,music,jamendo,/content/musan_data/musan/music/jamendo/music-jamendo-0127.wav,16000,1,3279712,204.982,PCM_16,,"pop,hiphop Y Lollita","pop,hiphop",Y,Lollita,,Lollita,pop,,,
music-jamendo-0128,music,jamendo,/content/musan_data/musan/music/jamendo/music-jamendo-0128.wav,16000,1,3290592,205.662,PCM_16,,"pop,rock,folk Y Marc_Reeves","pop,rock,folk",Y,Marc_Reeves,,Marc_Reeves,pop,,,
music-jamendo-0129,music,jamendo,/content/musan_data/musan/music/jamendo/music-jamendo-0129.wav,16000,1,1710704,106.919,PCM_16,,pop Y Marc_Reeves,pop,Y,Marc_Reeves,,Marc_Reeves,pop,,,
music-jamendo-0130,music,jamendo,/content/musan_data/musan/music/jamendo/music-jamendo-0130.wav,16000,1,3489120,218.07,PCM_16,,pop Y MattMigma,pop,Y,MattMigma,,MattMigma,pop,,,
music-jamendo-0131,music,jamendo,/content/musan_data/musan/music/jamendo/music-jamendo-0131.wav,16000,1,3329040,208.065,PCM_16,,pop Y MattMigma,pop,Y,MattMigma,,MattMigma,pop,,,
music-jamendo-0132,music,jamendo,/content/musan_data/musan/music/jamendo/music-jamendo-0132.wav,16000,1,2112768,132.048,PCM_16,,pop Y MattMigma,pop,Y,MattMigma,,MattMigma,pop,,,
music-jamendo-0133,music,jamendo,/content/musan_data/musan/music/jamendo/music-jamendo-0133.wav,16000,1,3905408,244.088,PCM_16,,pop Y MattMigma,pop,Y,MattMigma,,MattMigma,pop,,,
music-jamendo-0134,music,jamendo,/content/musan_data/musan/music/jamendo/music-jamendo-0134.wav,16000,1,5087392,317.962,PCM_16,,pop N Mau,pop,N,Mau,,Mau,pop,,,
music-jamendo-0135,music,jamendo,/content/musan_data/musan/music/jamendo/music-jamendo-0135.wav,16000,1,4223056,263.941,PCM_16,,pop Y Mau,pop,Y,Mau,,Mau,pop,,,
music-jamendo-0136,music,jamendo,/content/musan_data/musan/music/jamendo/music-jamendo-0136.wav,16000,1,3679712,229.982,PCM_16,,"country,pop,folk Y Melanie_Ungar","country,pop,folk",Y,Melanie_Ungar,,Melanie_Ungar,country,,,
music-jamendo-0137,music,jamendo,/content/musan_data/musan/music/jamendo/music-jamendo-0137.wav,16000,1,3685136,230.321,PCM_16,,"country,pop Y Melanie_Ungar","country,pop",Y,Melanie_Ungar,,Melanie_Ungar,country,,,
music-jamendo-0138,music,jamendo,/content/musan_data/musan/music/jamendo/music-jamendo-0138.wav,16000,1,4006128,250.383,PCM_16,,"country,pop Y Melanie_Ungar","country,pop",Y,Melanie_Ungar,,Melanie_Ungar,country,,,
music-jamendo-0139,music,jamendo,/content/musan_data/musan/music/jamendo/music-jamendo-0139.wav,16000,1,3719408,232.463,PCM_16,,"country,pop Y Melanie_Ungar","country,pop",Y,Melanie_Ungar,,Melanie_Ungar,country,,,
music-jamendo-0140,music,jamendo,/content/musan_data/musan/music/jamendo/music-jamendo-0140.wav,16000,1,3895376,243.461,PCM_16,,"country,pop Y Melanie_Ungar","country,pop",Y,Melanie_Ungar,,Melanie_Ungar,country,,,
music-jamendo-0141,music,jamendo,/content/musan_data/musan/music/jamendo/music-jamendo-0141.wav,16000,1,3392992,212.062,PCM_16,,"country,pop Y Melanie_Ungar","country,pop",Y,Melanie_Ungar,,Melanie_Ungar,country,,,
music-jamendo-0142,music,jamendo,/content/musan_data/musan/music/jamendo/music-jamendo-0142.wav,16000,1,2728016,170.501,PCM_16,,pop Y Mirva,pop,Y,Mirva,,Mirva,pop,,,
music-jamendo-0143,music,jamendo,/content/musan_data/musan/music/jamendo/music-jamendo-0143.wav,16000,1,3974368,248.398,PCM_16,,"pop,rock Y Mirva","pop,rock",Y,Mirva,,Mirva,pop,,,
music-jamendo-0144,music,jamendo,/content/musan_data/musan/music/jamendo/music-jamendo-0144.wav,16000,1,2786112,174.132,PCM_16,,pop Y Mirva,pop,Y,Mirva,,Mirva,pop,,,
music-jamendo-0145,music,jamendo,/content/musan_data/musan/music/jamendo/music-jamendo-0145.wav,16000,1,3357040,209.815,PCM_16,,pop Y Mirva,pop,Y,Mirva,,Mirva,pop,,,
music-jamendo-0146,music,jamendo,/content/musan_data/musan/music/jamendo/music-jamendo-0146.wav,16000,1,2698752,168.672,PCM_16,,"pop,rock Y Mirva","pop,rock",Y,Mirva,,Mirva,pop,,,
music-jamendo-0147,music,jamendo,/content/musan_data/musan/music/jamendo/music-jamendo-0147.wav,16000,1,1193264,74.579,PCM_16,,"rap,hiphop,rock,electronica N Moe2Smoke","rap,hiphop,rock,electronica",N,Moe2Smoke,,Moe2Smoke,rap,,,
music-jamendo-0148,music,jamendo,/content/musan_data/musan/music/jamendo/music-jamendo-0148.wav,16000,1,1984464,124.029,PCM_16,,"pop,rap,rock,hiphop N Moe2Smoke","pop,rap,rock,hiphop",N,Moe2Smoke,,Moe2Smoke,pop,,,
music-jamendo-0149,music,jamendo,/content/musan_data/musan/music/jamendo/music-jamendo-0149.wav,16000,1,1295664,80.979,PCM_16,,"pop,rap,rock,hiphop N Moe2Smoke","pop,rap,rock,hiphop",N,Moe2Smoke,,Moe2Smoke,pop,,,
music-jamendo-0150,music,jamendo,/content/musan_data/musan/music/jamendo/music-jamendo-0150.wav,16000,1,3232496,202.031,PCM_16,,"pop,rap,rock,hiphop N Moe2Smoke","pop,rap,rock,hiphop",N,Moe2Smoke,,Moe2Smoke,pop,,,
music-jamendo-0151,music,jamendo,/content/musan_data/musan/music/jamendo/music-jamendo-0151.wav,16000,1,656192,41.012,PCM_16,,"pop,rap,rock,hiphop N Moe2Smoke","pop,rap,rock,hiphop",N,Moe2Smoke,,Moe2Smoke,pop,,,
music-jamendo-0152,music,jamendo,/content/musan_data/musan/music/jamendo/music-jamendo-0152.wav,16000,1,4516880,282.305,PCM_16,,"pop,rap,rock,hiphop N Moe2Smoke","pop,rap,rock,hiphop",N,Moe2Smoke,,Moe2Smoke,pop,,,
music-jamendo-0153,music,jamendo,/content/musan_data/musan/music/jamendo/music-jamendo-0153.wav,16000,1,3689312,230.582,PCM_16,,"pop,rap,rock,hiphop Y Moe2Smoke","pop,rap,rock,hiphop",Y,Moe2Smoke,,Moe2Smoke,pop,,,
music-jamendo-0154,music,jamendo,/content/musan_data/musan/music/jamendo/music-jamendo-0154.wav,16000,1,3713136,232.071,PCM_16,,jazz N mounier,jazz,N,mounier,,mounier,jazz,,,
music-jamendo-0155,music,jamendo,/content/musan_data/musan/music/jamendo/music-jamendo-0155.wav,16000,1,4320848,270.053,PCM_16,,jazz N mounier,jazz,N,mounier,,mounier,jazz,,,
music-jamendo-0156,music,jamendo,/content/musan_data/musan/music/jamendo/music-jamendo-0156.wav,16000,1,5838048,364.878,PCM_16,,"jazz,electronica N mounier","jazz,electronica",N,mounier,,mounier,jazz,,,
music-jamendo-0157,music,jamendo,/content/musan_data/musan/music/jamendo/music-jamendo-0157.wav,16000,1,4408624,275.539,PCM_16,,latin N mounier,latin,N,mounier,,mounier,latin,,,
music-jamendo-0158,music,jamendo,/content/musan_data/musan/music/jamendo/music-jamendo-0158.wav,16000,1,4699520,293.72,PCM_16,,jazz N mounier,jazz,N,mounier,,mounier,jazz,,,
music-jamendo-0159,music,jamendo,/content/musan_data/musan/music/jamendo/music-jamendo-0159.wav,16000,1,5066080,316.63,PCM_16,,"blues,electronica N mounier","blues,electronica",N,mounier,,mounier,blues,,,
music-jamendo-0160,music,jamendo,/content/musan_data/musan/music/jamendo/music-jamendo-0160.wav,16000,1,4175408,260.963,PCM_16,,"blues,funk Y noam_bonatti","blues,funk",Y,noam_bonatti,,noam_bonatti,blues,,,
music-jamendo-0161,music,jamendo,/content/musan_data/musan/music/jamendo/music-jamendo-0161.wav,16000,1,3441056,215.066,PCM_16,,"funk,blues,jazz Y noam_bonatti","funk,blues,jazz",Y,noam_bonatti,,noam_bonatti,funk,,,
music-jamendo-0162,music,jamendo,/content/musan_data/musan/music/jamendo/music-jamendo-0162.wav,16000,1,3661312,228.832,PCM_16,,blues Y noam_bonatti,blues,Y,noam_bonatti,,noam_bonatti,blues,,,
music-jamendo-0163,music,jamendo,/content/musan_data/musan/music/jamendo/music-jamendo-0163.wav,16000,1,4266096,266.631,PCM_16,,"pop,blues Y noam_bonatti","pop,blues",Y,noam_bonatti,,noam_bonatti,pop,,,
music-jamendo-0164,music,jamendo,/content/musan_data/musan/music/jamendo/music-jamendo-0164.wav,16000,1,3678448,229.903,PCM_16,,pop Y noam_bonatti,pop,Y,noam_bonatti,,noam_bonatti,pop,,,
music-jamendo-0165,music,jamendo,/content/musan_data/musan/music/jamendo/music-jamendo-0165.wav,16000,1,3563936,222.746,PCM_16,,"rap,hiphop Y N_OR","rap,hiphop",Y,N_OR,,N_OR,rap,,,
music-jamendo-0166,music,jamendo,/content/musan_data/musan/music/jamendo/music-jamendo-0166.wav,16000,1,3994432,249.652,PCM_16,,"rap,hiphop Y N_OR","rap,hiphop",Y,N_OR,,N_OR,rap,,,
music-jamendo-0167,music,jamendo,/content/musan_data/musan/music/jamendo/music-jamendo-0167.wav,16000,1,4279888,267.493,PCM_16,,"rap,hiphop Y N_OR","rap,hiphop",Y,N_OR,,N_OR,rap,,,
music-jamendo-0168,music,jamendo,/content/musan_data/musan/music/jamendo/music-jamendo-0168.wav,16000,1,3911248,244.453,PCM_16,,"rap,hiphop Y N_OR","rap,hiphop",Y,N_OR,,N_OR,rap,,,
music-jamendo-0169,music,jamendo,/content/musan_data/musan/music/jamendo/music-jamendo-0169.wav,16000,1,4271120,266.945,PCM_16,,"rap,hiphop Y N_OR","rap,hiphop",Y,N_OR,,N_OR,rap,,,
music-jamendo-0170,music,jamendo,/content/musan_data/musan/music/jamendo/music-jamendo-0170.wav,16000,1,3402592,212.662,PCM_16,,"rap,hiphop Y N_OR","rap,hiphop",Y,N_OR,,N_OR,rap,,,
music-jamendo-0171,music,jamendo,/content/musan_data/musan/music/jamendo/music-jamendo-0171.wav,16000,1,3708544,231.784,PCM_16,,"rap,hiphop Y N_OR","rap,hiphop",Y,N_OR,,N_OR,rap,,,
music-jamendo-0172,music,jamendo,/content/musan_data/musan/music/jamendo/music-jamendo-0172.wav,16000,1,4131520,258.22,PCM_16,,electronica N Outsider,electronica,N,Outsider,,Outsider,electronica,,,
music-jamendo-0173,music,jamendo,/content/musan_data/musan/music/jamendo/music-jamendo-0173.wav,16000,1,3592352,224.522,PCM_16,,electronica N Outsider,electronica,N,Outsider,,Outsider,electronica,,,
music-jamendo-0174,music,jamendo,/content/musan_data/musan/music/jamendo/music-jamendo-0174.wav,16000,1,5071088,316.943,PCM_16,,electronica N Outsider,electronica,N,Outsider,,Outsider,electronica,,,
music-jamendo-0175,music,jamendo,/content/musan_data/musan/music/jamendo/music-jamendo-0175.wav,16000,1,4103936,256.496,PCM_16,,electronica N Outsider,electronica,N,Outsider,,Outsider,electronica,,,
music-jamendo-0176,music,jamendo,/content/musan_data/musan/music/jamendo/music-jamendo-0176.wav,16000,1,3679712,229.982,PCM_16,,"electronica,hiphop N Outsider","electronica,hiphop",N,Outsider,,Outsider,electronica,,,
music-jamendo-0177,music,jamendo,/content/musan_data/musan/music/jamendo/music-jamendo-0177.wav,16000,1,3301872,206.367,PCM_16,,electronica N Outsider,electronica,N,Outsider,,Outsider,electronica,,,
music-jamendo-0178,music,jamendo,/content/musan_data/musan/music/jamendo/music-jamendo-0178.wav,16000,1,3247952,202.997,PCM_16,,electronica N Outsider,electronica,N,Outsider,,Outsider,electronica,,,
music-jamendo-0179,music,jamendo,/content/musan_data/musan/music/jamendo/music-jamendo-0179.wav,16000,1,3841040,240.065,PCM_16,,electronica N Outsider,electronica,N,Outsider,,Outsider,electronica,,,
music-jamendo-0180,music,jamendo,/content/musan_data/musan/music/jamendo/music-jamendo-0180.wav,16000,1,3347424,209.214,PCM_16,,pop Y s_and_y,pop,Y,s_and_y,,s_and_y,pop,,,
music-jamendo-0181,music,jamendo,/content/musan_data/musan/music/jamendo/music-jamendo-0181.wav,16000,1,4029952,251.872,PCM_16,,"pop,soul,rnb Y s_and_y","pop,soul,rnb",Y,s_and_y,,s_and_y,pop,,,
music-jamendo-0182,music,jamendo,/content/musan_data/musan/music/jamendo/music-jamendo-0182.wav,16000,1,4337984,271.124,PCM_16,,pop Y s_and_y,pop,Y,s_and_y,,s_and_y,pop,,,
music-jamendo-0183,music,jamendo,/content/musan_data/musan/music/jamendo/music-jamendo-0183.wav,16000,1,3996512,249.782,PCM_16,,"pop,folk Y s_and_y","pop,folk",Y,s_and_y,,s_and_y,pop,,,
music-jamendo-0184,music,jamendo,/content/musan_data/musan/music/jamendo/music-jamendo-0184.wav,16000,1,3983136,248.946,PCM_16,,pop Y s_and_y,pop,Y,s_and_y,,s_and_y,pop,,,
music-jamendo-0185,music,jamendo,/content/musan_data/musan/music/jamendo/music-jamendo-0185.wav,16000,1,3733200,233.325,PCM_16,,"pop,soul,rnb Y s_and_y","pop,soul,rnb",Y,s_and_y,,s_and_y,pop,,,
music-jamendo-0186,music,jamendo,/content/musan_data/musan/music/jamendo/music-jamendo-0186.wav,16000,1,4095568,255.973,PCM_16,,pop Y s_and_y,pop,Y,s_and_y,,s_and_y,pop,,,
music-jamendo-0187,music,jamendo,/content/musan_data/musan/music/jamendo/music-jamendo-0187.wav,16000,1,5464816,341.551,PCM_16,,pop Y s_and_y,pop,Y,s_and_y,,s_and_y,pop,,,
music-jamendo-0188,music,jamendo,/content/musan_data/musan/music/jamendo/music-jamendo-0188.wav,16000,1,5115392,319.712,PCM_16,,"blues,rock,jazz N Sim_Band","blues,rock,jazz",N,Sim_Band,,Sim_Band,blues,,,
music-jamendo-0189,music,jamendo,/content/musan_data/musan/music/jamendo/music-jamendo-0189.wav,16000,1,5565536,347.846,PCM_16,,"blues,rock,jazz N Sim_Band","blues,rock,jazz",N,Sim_Band,,Sim_Band,blues,,,
music-jamendo-0190,music,jamendo,/content/musan_data/musan/music/jamendo/music-jamendo-0190.wav,16000,1,5120000,320.0,PCM_16,,"blues,rock,jazz N Sim_Band","blues,rock,jazz",N,Sim_Band,,Sim_Band,blues,,,
music-jamendo-0191,music,jamendo,/content/musan_data/musan/music/jamendo/music-jamendo-0191.wav,16000,1,2483088,155.193,PCM_16,,"blues,rock,jazz N Sim_Band","blues,rock,jazz",N,Sim_Band,,Sim_Band,blues,,,
music-jamendo-0192,music,jamendo,/content/musan_data/musan/music/jamendo/music-jamendo-0192.wav,16000,1,10143856,633.991,PCM_16,,"blues,rock,jazz N Sim_Band","blues,rock,jazz",N,Sim_Band,,Sim_Band,blues,,,
music-jamendo-0193,music,jamendo,/content/musan_data/musan/music/jamendo/music-jamendo-0193.wav,16000,1,2699584,168.724,PCM_16,,"rap,hiphop Y SRA","rap,hiphop",Y,SRA,,SRA,rap,,,
music-jamendo-0194,music,jamendo,/content/musan_data/musan/music/jamendo/music-jamendo-0194.wav,16000,1,3842704,240.169,PCM_16,,"rap,hiphop Y SRA","rap,hiphop",Y,SRA,,SRA,rap,,,
music-jamendo-0195,music,jamendo,/content/musan_data/musan/music/jamendo/music-jamendo-0195.wav,16000,1,2942432,183.902,PCM_16,,"rap,hiphop Y SRA","rap,hiphop",Y,SRA,,SRA,rap,,,
music-jamendo-0196,music,jamendo,/content/musan_data/musan/music/jamendo/music-jamendo-0196.wav,16000,1,3841872,240.117,PCM_16,,"rap,hiphop Y SRA","rap,hiphop",Y,SRA,,SRA,rap,,,
music-jamendo-0197,music,jamendo,/content/musan_data/musan/music/jamendo/music-jamendo-0197.wav,16000,1,3307728,206.733,PCM_16,,"rap,hiphop Y SRA","rap,hiphop",Y,SRA,,SRA,rap,,,
music-jamendo-0198,music,jamendo,/content/musan_data/musan/music/jamendo/music-jamendo-0198.wav,16000,1,3605728,225.358,PCM_16,,"rap,hiphop Y SRA","rap,hiphop",Y,SRA,,SRA,rap,,,
music-jamendo-0199,music,jamendo,/content/musan_data/musan/music/jamendo/music-jamendo-0199.wav,16000,1,3008880,188.055,PCM_16,,"indierock,rock N Starfish","indierock,rock",N,Starfish,,Starfish,indierock,,,
music-jamendo-0200,music,jamendo,/content/musan_data/musan/music/jamendo/music-jamendo-0200.wav,16000,1,3334464,208.404,PCM_16,,"indierock,pop N Starfish","indierock,pop",N,Starfish,,Starfish,indierock,,,
music-jamendo-0201,music,jamendo,/content/musan_data/musan/music/jamendo/music-jamendo-0201.wav,16000,1,4369760,273.11,PCM_16,,indierock N Starfish,indierock,N,Starfish,,Starfish,indierock,,,
music-jamendo-0202,music,jamendo,/content/musan_data/musan/music/jamendo/music-jamendo-0202.wav,16000,1,3347424,209.214,PCM_16,,"indierock,pop N Starfish","indierock,pop",N,Starfish,,Starfish,indierock,,,
music-jamendo-0203,music,jamendo,/content/musan_data/musan/music/jamendo/music-jamendo-0203.wav,16000,1,4956160,309.76,PCM_16,,"blues,pop,folk Y The_Down_and_Outs","blues,pop,folk",Y,The_Down_and_Outs,,The_Down_and_Outs,blues,,,
music-jamendo-0204,music,jamendo,/content/musan_data/musan/music/jamendo/music-jamendo-0204.wav,16000,1,5055216,315.951,PCM_16,,adventure Y The_Down_and_Outs,adventure,Y,The_Down_and_Outs,,The_Down_and_Outs,adventure,,,
music-jamendo-0205,music,jamendo,/content/musan_data/musan/music/jamendo/music-jamendo-0205.wav,16000,1,5854352,365.897,PCM_16,,"funk,rnb,adventure N The_Down_and_Outs","funk,rnb,adventure",N,The_Down_and_Outs,,The_Down_and_Outs,funk,,,
music-jamendo-0206,music,jamendo,/content/musan_data/musan/music/jamendo/music-jamendo-0206.wav,16000,1,2368992,148.062,PCM_16,,"funk,rnb,electronica Y The_Down_and_Outs","funk,rnb,electronica",Y,The_Down_and_Outs,,The_Down_and_Outs,funk,,,
music-jamendo-0207,music,jamendo,/content/musan_data/musan/music/jamendo/music-jamendo-0207.wav,16000,1,4959920,309.995,PCM_16,,"pop,funk,adventure Y The_Down_and_Outs","pop,funk,adventure",Y,The_Down_and_Outs,,The_Down_and_Outs,pop,,,
music-jamendo-0208,music,jamendo,/content/musan_data/musan/music/jamendo/music-jamendo-0208.wav,16000,1,5722272,357.642,PCM_16,,adventure Y The_Down_and_Outs,adventure,Y,The_Down_and_Outs,,The_Down_and_Outs,adventure,,,
music-jamendo-0209,music,jamendo,/content/musan_data/musan/music/jamendo/music-jamendo-0209.wav,16000,1,3678864,229.929,PCM_16,,"folk,pop,funk Y The_Down_and_Outs","folk,pop,funk",Y,The_Down_and_Outs,,The_Down_and_Outs,folk,,,
music-jamendo-0210,music,jamendo,/content/musan_data/musan/music/jamendo/music-jamendo-0210.wav,16000,1,2441296,152.581,PCM_16,,,,,,,music-jamendo-0210,unknown,,,
music-jamendo-0211,music,jamendo,/content/musan_data/musan/music/jamendo/music-jamendo-0211.wav,16000,1,4832432,302.027,PCM_16,,,,,,,music-jamendo-0211,unknown,,,
music-jamendo-0212,music,jamendo,/content/musan_data/musan/music/jamendo/music-jamendo-0212.wav,16000,1,3730688,233.168,PCM_16,,,,,,,music-jamendo-0212,unknown,,,
music-jamendo-0213,music,jamendo,/content/musan_data/musan/music/jamendo/music-jamendo-0213.wav,16000,1,3226224,201.639,PCM_16,,,,,,,music-jamendo-0213,unknown,,,
music-jamendo-0214,music,jamendo,/content/musan_data/musan/music/jamendo/music-jamendo-0214.wav,16000,1,2972928,185.808,PCM_16,,,,,,,music-jamendo-0214,unknown,,,
music-jamendo-0215,music,jamendo,/content/musan_data/musan/music/jamendo/music-jamendo-0215.wav,16000,1,1936816,121.051,PCM_16,,,,,,,music-jamendo-0215,unknown,,,
music-jamendo-0216,music,jamendo,/content/musan_data/musan/music/jamendo/music-jamendo-0216.wav,16000,1,2324688,145.293,PCM_16,,,,,,,music-jamendo-0216,unknown,,,
music-rfm-0000,music,rfm,/content/musan_data/musan/music/rfm/music-rfm-0000.wav,16000,1,2751744,171.984,PCM_16,,electronica N Kevin_MacLeod,electronica,N,Kevin_MacLeod,,Kevin_MacLeod,electronica,,,
music-rfm-0001,music,rfm,/content/musan_data/musan/music/rfm/music-rfm-0001.wav,16000,1,4922305,307.644,PCM_16,,jazz N Kevin_MacLeod,jazz,N,Kevin_MacLeod,,Kevin_MacLeod,jazz,,,
music-rfm-0002,music,rfm,/content/musan_data/musan/music/rfm/music-rfm-0002.wav,16000,1,2414132,150.883,PCM_16,,rock N Kevin_MacLeod,rock,N,Kevin_MacLeod,,Kevin_MacLeod,rock,,,
music-rfm-0003,music,rfm,/content/musan_data/musan/music/rfm/music-rfm-0003.wav,16000,1,741042,46.315,PCM_16,,electronica N Kevin_MacLeod,electronica,N,Kevin_MacLeod,,Kevin_MacLeod,electronica,,,
music-rfm-0004,music,rfm,/content/musan_data/musan/music/rfm/music-rfm-0004.wav,16000,1,3469056,216.816,PCM_16,,jazz N Kevin_MacLeod,jazz,N,Kevin_MacLeod,,Kevin_MacLeod,jazz,,,
music-rfm-0005,music,rfm,/content/musan_data/musan/music/rfm/music-rfm-0005.wav,16000,1,4084297,255.269,PCM_16,,electronica N Kevin_MacLeod,electronica,N,Kevin_MacLeod,,Kevin_MacLeod,electronica,,,
music-rfm-0006,music,rfm,/content/musan_data/musan/music/rfm/music-rfm-0006.wav,16000,1,3654217,228.389,PCM_16,,jazz N Kevin_MacLeod,jazz,N,Kevin_MacLeod,,Kevin_MacLeod,jazz,,,
music-rfm-0007,music,rfm,/content/musan_data/musan/music/rfm/music-rfm-0007.wav,16000,1,1698168,106.135,PCM_16,,electronica N Kevin_MacLeod,electronica,N,Kevin_MacLeod,,Kevin_MacLeod,electronica,,,
music-rfm-0008,music,rfm,/content/musan_data/musan/music/rfm/music-rfm-0008.wav,16000,1,2705450,169.091,PCM_16,,jazz N Kevin_MacLeod,jazz,N,Kevin_MacLeod,,Kevin_MacLeod,jazz,,,
music-rfm-0009,music,rfm,/content/musan_data/musan/music/rfm/music-rfm-0009.wav,16000,1,2584320,161.52,PCM_16,,jazz N Kevin_MacLeod,jazz,N,Kevin_MacLeod,,Kevin_MacLeod,jazz,,,
music-rfm-0010,music,rfm,/content/musan_data/musan/music/rfm/music-rfm-0010.wav,16000,1,837120,52.32,PCM_16,,rock N Kevin_MacLeod,rock,N,Kevin_MacLeod,,Kevin_MacLeod,rock,,,
music-rfm-0011,music,rfm,/content/musan_data/musan/music/rfm/music-rfm-0011.wav,16000,1,2496888,156.055,PCM_16,,rock N Kevin_MacLeod,rock,N,Kevin_MacLeod,,Kevin_MacLeod,rock,,,
music-rfm-0012,music,rfm,/content/musan_data/musan/music/rfm/music-rfm-0012.wav,16000,1,3694759,230.922,PCM_16,,rock N Kevin_MacLeod,rock,N,Kevin_MacLeod,,Kevin_MacLeod,rock,,,
music-rfm-0013,music,rfm,/content/musan_data/musan/music/rfm/music-rfm-0013.wav,16000,1,2385293,149.081,PCM_16,,electronica N Kevin_MacLeod,electronica,N,Kevin_MacLeod,,Kevin_MacLeod,electronica,,,
music-rfm-0014,music,rfm,/content/musan_data/musan/music/rfm/music-rfm-0014.wav,16000,1,3161088,197.568,PCM_16,,electronica N Kevin_MacLeod,electronica,N,Kevin_MacLeod,,Kevin_MacLeod,electronica,,,
music-rfm-0015,music,rfm,/content/musan_data/musan/music/rfm/music-rfm-0015.wav,16000,1,3264679,204.042,PCM_16,,rock N Kevin_MacLeod,rock,N,Kevin_MacLeod,,Kevin_MacLeod,rock,,,
music-rfm-0016,music,rfm,/content/musan_data/musan/music/rfm/music-rfm-0016.wav,16000,1,3491631,218.227,PCM_16,,rock N Kevin_MacLeod,rock,N,Kevin_MacLeod,,Kevin_MacLeod,rock,,,
music-rfm-0017,music,rfm,/content/musan_data/musan/music/rfm/music-rfm-0017.wav,16000,1,3964416,247.776,PCM_16,,electronica N Kevin_MacLeod,electronica,N,Kevin_MacLeod,,Kevin_MacLeod,electronica,,,
music-rfm-0018,music,rfm,/content/musan_data/musan/music/rfm/music-rfm-0018.wav,16000,1,3017665,188.604,PCM_16,,electronica N Kevin_MacLeod,electronica,N,Kevin_MacLeod,,Kevin_MacLeod,electronica,,,
music-rfm-0019,music,rfm,/content/musan_data/musan/music/rfm/music-rfm-0019.wav,16000,1,3699775,231.236,PCM_16,,electronica N Kevin_MacLeod,electronica,N,Kevin_MacLeod,,Kevin_MacLeod,electronica,,,
music-rfm-0020,music,rfm,/content/musan_data/musan/music/rfm/music-rfm-0020.wav,16000,1,2330540,145.659,PCM_16,,electronica N Kevin_MacLeod,electronica,N,Kevin_MacLeod,,Kevin_MacLeod,electronica,,,
music-rfm-0021,music,rfm,/content/musan_data/musan/music/rfm/music-rfm-0021.wav,16000,1,4612544,288.284,PCM_16,,rock N Kevin_MacLeod,rock,N,Kevin_MacLeod,,Kevin_MacLeod,rock,,,
music-rfm-0022,music,rfm,/content/musan_data/musan/music/rfm/music-rfm-0022.wav,16000,1,1225456,76.591,PCM_16,,jazz N Kevin_MacLeod,jazz,N,Kevin_MacLeod,,Kevin_MacLeod,jazz,,,
music-rfm-0023,music,rfm,/content/musan_data/musan/music/rfm/music-rfm-0023.wav,16000,1,2185509,136.594,PCM_16,,rock N Kevin_MacLeod,rock,N,Kevin_MacLeod,,Kevin_MacLeod,rock,,,
music-rfm-0024,music,rfm,/content/musan_data/musan/music/rfm/music-rfm-0024.wav,16000,1,3493721,218.358,PCM_16,,jazz N Kevin_MacLeod,jazz,N,Kevin_MacLeod,,Kevin_MacLeod,jazz,,,
music-rfm-0025,music,rfm,/content/musan_data/musan/music/rfm/music-rfm-0025.wav,16000,1,862668,53.917,PCM_16,,jazz N Kevin_MacLeod,jazz,N,Kevin_MacLeod,,Kevin_MacLeod,jazz,,,
music-rfm-0026,music,rfm,/content/musan_data/musan/music/rfm/music-rfm-0026.wav,16000,1,3106691,194.168,PCM_16,,jazz N Kevin_MacLeod,jazz,N,Kevin_MacLeod,,Kevin_MacLeod,jazz,,,
music-rfm-0027,music,rfm,/content/musan_data/musan/music/rfm/music-rfm-0027.wav,16000,1,3557251,222.328,PCM_16,,electronica N Kevin_MacLeod,electronica,N,Kevin_MacLeod,,Kevin_MacLeod,electronica,,,
music-rfm-0028,music,rfm,/content/musan_data/musan/music/rfm/music-rfm-0028.wav,16000,1,3436878,214.805,PCM_16,,electronica N Kevin_MacLeod,electronica,N,Kevin_MacLeod,,Kevin_MacLeod,electronica,,,
music-rfm-0029,music,rfm,/content/musan_data/musan/music/rfm/music-rfm-0029.wav,16000,1,3526322,220.395,PCM_16,,electronica N Kevin_MacLeod,electronica,N,Kevin_MacLeod,,Kevin_MacLeod,electronica,,,
music-rfm-0030,music,rfm,/content/musan_data/musan/music/rfm/music-rfm-0030.wav,16000,1,3201149,200.072,PCM_16,,electronica N Kevin_MacLeod,electronica,N,Kevin_MacLeod,,Kevin_MacLeod,electronica,,,
music-rfm-0031,music,rfm,/content/musan_data/musan/music/rfm/music-rfm-0031.wav,16000,1,2348931,146.808,PCM_16,,jazz N Kevin_MacLeod,jazz,N,Kevin_MacLeod,,Kevin_MacLeod,jazz,,,
music-rfm-0032,music,rfm,/content/musan_data/musan/music/rfm/music-rfm-0032.wav,16000,1,3540532,221.283,PCM_16,,blues N Kevin_MacLeod,blues,N,Kevin_MacLeod,,Kevin_MacLeod,blues,,,
music-rfm-0033,music,rfm,/content/musan_data/musan/music/rfm/music-rfm-0033.wav,16000,1,2283311,142.707,PCM_16,,rock N Kevin_MacLeod,rock,N,Kevin_MacLeod,,Kevin_MacLeod,rock,,,
music-rfm-0034,music,rfm,/content/musan_data/musan/music/rfm/music-rfm-0034.wav,16000,1,2838912,177.432,PCM_16,,electronica N Kevin_MacLeod,electronica,N,Kevin_MacLeod,,Kevin_MacLeod,electronica,,,
music-rfm-0035,music,rfm,/content/musan_data/musan/music/rfm/music-rfm-0035.wav,16000,1,1920522,120.033,PCM_16,,blues N Kevin_MacLeod,blues,N,Kevin_MacLeod,,Kevin_MacLeod,blues,,,
music-rfm-0036,music,rfm,/content/musan_data/musan/music/rfm/music-rfm-0036.wav,16000,1,3906432,244.152,PCM_16,,jazz N Kevin_MacLeod,jazz,N,Kevin_MacLeod,,Kevin_MacLeod,jazz,,,
music-rfm-0037,music,rfm,/content/musan_data/musan/music/rfm/music-rfm-0037.wav,16000,1,3758289,234.893,PCM_16,,electronica N Kevin_MacLeod,electronica,N,Kevin_MacLeod,,Kevin_MacLeod,electronica,,,
music-rfm-0038,music,rfm,/content/musan_data/musan/music/rfm/music-rfm-0038.wav,16000,1,5850593,365.662,PCM_16,,electronica N Kevin_MacLeod,electronica,N,Kevin_MacLeod,,Kevin_MacLeod,electronica,,,
music-rfm-0039,music,rfm,/content/musan_data/musan/music/rfm/music-rfm-0039.wav,16000,1,2735125,170.945,PCM_16,,rock N Kevin_MacLeod,rock,N,Kevin_MacLeod,,Kevin_MacLeod,rock,,,
music-rfm-0040,music,rfm,/content/musan_data/musan/music/rfm/music-rfm-0040.wav,16000,1,2656549,166.034,PCM_16,,electronica N Kevin_MacLeod,electronica,N,Kevin_MacLeod,,Kevin_MacLeod,electronica,,,
music-rfm-0041,music,rfm,/content/musan_data/musan/music/rfm/music-rfm-0041.wav,16000,1,2995096,187.194,PCM_16,,electronica N Kevin_MacLeod,electronica,N,Kevin_MacLeod,,Kevin_MacLeod,electronica,,,
music-rfm-0042,music,rfm,/content/musan_data/musan/music/rfm/music-rfm-0042.wav,16000,1,3928398,245.525,PCM_16,,rock N Kevin_MacLeod,rock,N,Kevin_MacLeod,,Kevin_MacLeod,rock,,,
music-rfm-0043,music,rfm,/content/musan_data/musan/music/rfm/music-rfm-0043.wav,16000,1,2327197,145.45,PCM_16,,rock N Kevin_MacLeod,rock,N,Kevin_MacLeod,,Kevin_MacLeod,rock,,,
music-rfm-0044,music,rfm,/content/musan_data/musan/music/rfm/music-rfm-0044.wav,16000,1,3360810,210.051,PCM_16,,electronica N Kevin_MacLeod,electronica,N,Kevin_MacLeod,,Kevin_MacLeod,electronica,,,
music-rfm-0045,music,rfm,/content/musan_data/musan/music/rfm/music-rfm-0045.wav,16000,1,2908996,181.812,PCM_16,,jazz N Kevin_MacLeod,jazz,N,Kevin_MacLeod,,Kevin_MacLeod,jazz,,,
music-rfm-0046,music,rfm,/content/musan_data/musan/music/rfm/music-rfm-0046.wav,16000,1,3606152,225.385,PCM_16,,rock N Kevin_MacLeod,rock,N,Kevin_MacLeod,,Kevin_MacLeod,rock,,,
music-rfm-0047,music,rfm,/content/musan_data/musan/music/rfm/music-rfm-0047.wav,16000,1,4444160,277.76,PCM_16,,electronica N Kevin_MacLeod,electronica,N,Kevin_MacLeod,,Kevin_MacLeod,electronica,,,
music-rfm-0048,music,rfm,/content/musan_data/musan/music/rfm/music-rfm-0048.wav,16000,1,2231040,139.44,PCM_16,,rock N Kevin_MacLeod,rock,N,Kevin_MacLeod,,Kevin_MacLeod,rock,,,
music-rfm-0049,music,rfm,/content/musan_data/musan/music/rfm/music-rfm-0049.wav,16000,1,4292441,268.278,PCM_16,,jazz N Kevin_MacLeod,jazz,N,Kevin_MacLeod,,Kevin_MacLeod,jazz,,,
music-rfm-0050,music,rfm,/content/musan_data/musan/music/rfm/music-rfm-0050.wav,16000,1,3406367,212.898,PCM_16,,electronica N Kevin_MacLeod,electronica,N,Kevin_MacLeod,,Kevin_MacLeod,electronica,,,
music-rfm-0051,music,rfm,/content/musan_data/musan/music/rfm/music-rfm-0051.wav,16000,1,3291847,205.74,PCM_16,,jazz N Kevin_MacLeod,jazz,N,Kevin_MacLeod,,Kevin_MacLeod,jazz,,,
music-rfm-0052,music,rfm,/content/musan_data/musan/music/rfm/music-rfm-0052.wav,16000,1,2279040,142.44,PCM_16,,electronica N Kevin_MacLeod,electronica,N,Kevin_MacLeod,,Kevin_MacLeod,electronica,,,
music-rfm-0053,music,rfm,/content/musan_data/musan/music/rfm/music-rfm-0053.wav,16000,1,4831608,301.976,PCM_16,,rock N Kevin_MacLeod,rock,N,Kevin_MacLeod,,Kevin_MacLeod,rock,,,
music-rfm-0054,music,rfm,/content/musan_data/musan/music/rfm/music-rfm-0054.wav,16000,1,4011154,250.697,PCM_16,,jazz N Kevin_MacLeod,jazz,N,Kevin_MacLeod,,Kevin_MacLeod,jazz,,,
music-rfm-0055,music,rfm,/content/musan_data/musan/music/rfm/music-rfm-0055.wav,16000,1,2814955,175.935,PCM_16,,rock N Kevin_MacLeod,rock,N,Kevin_MacLeod,,Kevin_MacLeod,rock,,,
music-rfm-0056,music,rfm,/content/musan_data/musan/music/rfm/music-rfm-0056.wav,16000,1,800640,50.04,PCM_16,,jazz N Kevin_MacLeod,jazz,N,Kevin_MacLeod,,Kevin_MacLeod,jazz,,,
music-rfm-0057,music,rfm,/content/musan_data/musan/music/rfm/music-rfm-0057.wav,16000,1,3040653,190.041,PCM_16,,electronica N Kevin_MacLeod,electronica,N,Kevin_MacLeod,,Kevin_MacLeod,electronica,,,
music-rfm-0058,music,rfm,/content/musan_data/musan/music/rfm/music-rfm-0058.wav,16000,1,1928464,120.529,PCM_16,,blues N Kevin_MacLeod,blues,N,Kevin_MacLeod,,Kevin_MacLeod,blues,,,
music-rfm-0059,music,rfm,/content/musan_data/musan/music/rfm/music-rfm-0059.wav,16000,1,4535275,283.455,PCM_16,,electronica N Kevin_MacLeod,electronica,N,Kevin_MacLeod,,Kevin_MacLeod,electronica,,,
music-rfm-0060,music,rfm,/content/musan_data/musan/music/rfm/music-rfm-0060.wav,16000,1,2277120,142.32,PCM_16,,electronica N Kevin_MacLeod,electronica,N,Kevin_MacLeod,,Kevin_MacLeod,electronica,,,
music-rfm-0061,music,rfm,/content/musan_data/musan/music/rfm/music-rfm-0061.wav,16000,1,3008470,188.029,PCM_16,,rock N Kevin_MacLeod,rock,N,Kevin_MacLeod,,Kevin_MacLeod,rock,,,
music-rfm-0062,music,rfm,/content/musan_data/musan/music/rfm/music-rfm-0062.wav,16000,1,2671177,166.949,PCM_16,,jazz N Kevin_MacLeod,jazz,N,Kevin_MacLeod,,Kevin_MacLeod,jazz,,,
music-rfm-0063,music,rfm,/content/musan_data/musan/music/rfm/music-rfm-0063.wav,16000,1,880640,55.04,PCM_16,,rock N Kevin_MacLeod,rock,N,Kevin_MacLeod,,Kevin_MacLeod,rock,,,
music-rfm-0064,music,rfm,/content/musan_data/musan/music/rfm/music-rfm-0064.wav,16000,1,3100800,193.8,PCM_16,,electronica N Kevin_MacLeod,electronica,N,Kevin_MacLeod,,Kevin_MacLeod,electronica,,,
music-rfm-0065,music,rfm,/content/musan_data/musan/music/rfm/music-rfm-0065.wav,16000,1,1894191,118.387,PCM_16,,electronica N Kevin_MacLeod,electronica,N,Kevin_MacLeod,,Kevin_MacLeod,electronica,,,
music-rfm-0066,music,rfm,/content/musan_data/musan/music/rfm/music-rfm-0066.wav,16000,1,1002266,62.642,PCM_16,,electronica N Kevin_MacLeod,electronica,N,Kevin_MacLeod,,Kevin_MacLeod,electronica,,,
music-rfm-0067,music,rfm,/content/musan_data/musan/music/rfm/music-rfm-0067.wav,16000,1,3264679,204.042,PCM_16,,electronica N Kevin_MacLeod,electronica,N,Kevin_MacLeod,,Kevin_MacLeod,electronica,,,
music-rfm-0068,music,rfm,/content/musan_data/musan/music/rfm/music-rfm-0068.wav,16000,1,3870302,241.894,PCM_16,,electronica N Kevin_MacLeod,electronica,N,Kevin_MacLeod,,Kevin_MacLeod,electronica,,,
music-rfm-0069,music,rfm,/content/musan_data/musan/music/rfm/music-rfm-0069.wav,16000,1,3212016,200.751,PCM_16,,jazz N Kevin_MacLeod,jazz,N,Kevin_MacLeod,,Kevin_MacLeod,jazz,,,
music-rfm-0070,music,rfm,/content/musan_data/musan/music/rfm/music-rfm-0070.wav,16000,1,2978377,186.149,PCM_16,,rock N Kevin_MacLeod,rock,N,Kevin_MacLeod,,Kevin_MacLeod,rock,,,
music-rfm-0071,music,rfm,/content/musan_data/musan/music/rfm/music-rfm-0071.wav,16000,1,3211180,200.699,PCM_16,,electronica N Kevin_MacLeod,electronica,N,Kevin_MacLeod,,Kevin_MacLeod,electronica,,,
music-rfm-0072,music,rfm,/content/musan_data/musan/music/rfm/music-rfm-0072.wav,16000,1,3503752,218.984,PCM_16,,electronica N Kevin_MacLeod,electronica,N,Kevin_MacLeod,,Kevin_MacLeod,electronica,,,
music-rfm-0073,music,rfm,/content/musan_data/musan/music/rfm/music-rfm-0073.wav,16000,1,6077127,379.82,PCM_16,,electronica N Kevin_MacLeod,electronica,N,Kevin_MacLeod,,Kevin_MacLeod,electronica,,,
music-rfm-0074,music,rfm,/content/musan_data/musan/music/rfm/music-rfm-0074.wav,16000,1,2643174,165.198,PCM_16,,jazz N Kevin_MacLeod,jazz,N,Kevin_MacLeod,,Kevin_MacLeod,jazz,,,
music-rfm-0075,music,rfm,/content/musan_data/musan/music/rfm/music-rfm-0075.wav,16000,1,4075102,254.694,PCM_16,,jazz N Kevin_MacLeod,jazz,N,Kevin_MacLeod,,Kevin_MacLeod,jazz,,,
music-rfm-0076,music,rfm,/content/musan_data/musan/music/rfm/music-rfm-0076.wav,16000,1,4389407,274.338,PCM_16,,electronica N Kevin_MacLeod,electronica,N,Kevin_MacLeod,,Kevin_MacLeod,electronica,,,
music-rfm-0077,music,rfm,/content/musan_data/musan/music/rfm/music-rfm-0077.wav,16000,1,2656967,166.06,PCM_16,,rock N Kevin_MacLeod,rock,N,Kevin_MacLeod,,Kevin_MacLeod,rock,,,
music-rfm-0078,music,rfm,/content/musan_data/musan/music/rfm/music-rfm-0078.wav,16000,1,2667416,166.714,PCM_16,,blues N Kevin_MacLeod,blues,N,Kevin_MacLeod,,Kevin_MacLeod,blues,,,
music-rfm-0079,music,rfm,/content/musan_data/musan/music/rfm/music-rfm-0079.wav,16000,1,853891,53.368,PCM_16,,electronica N Kevin_MacLeod,electronica,N,Kevin_MacLeod,,Kevin_MacLeod,electronica,,,
music-rfm-0080,music,rfm,/content/musan_data/musan/music/rfm/music-rfm-0080.wav,16000,1,3258240,203.64,PCM_16,,jazz N Kevin_MacLeod,jazz,N,Kevin_MacLeod,,Kevin_MacLeod,jazz,,,
music-rfm-0081,music,rfm,/content/musan_data/musan/music/rfm/music-rfm-0081.wav,16000,1,6568647,410.54,PCM_16,,electronica N Kevin_MacLeod,electronica,N,Kevin_MacLeod,,Kevin_MacLeod,electronica,,,
music-rfm-0082,music,rfm,/content/musan_data/musan/music/rfm/music-rfm-0082.wav,16000,1,3797995,237.375,PCM_16,,rock N Kevin_MacLeod,rock,N,Kevin_MacLeod,,Kevin_MacLeod,rock,,,
music-rfm-0083,music,rfm,/content/musan_data/musan/music/rfm/music-rfm-0083.wav,16000,1,3804682,237.793,PCM_16,,rock N Kevin_MacLeod,rock,N,Kevin_MacLeod,,Kevin_MacLeod,rock,,,
music-rfm-0084,music,rfm,/content/musan_data/musan/music/rfm/music-rfm-0084.wav,16000,1,1107592,69.225,PCM_16,,electronica N Kevin_MacLeod,electronica,N,Kevin_MacLeod,,Kevin_MacLeod,electronica,,,
music-rfm-0085,music,rfm,/content/musan_data/musan/music/rfm/music-rfm-0085.wav,16000,1,2830002,176.875,PCM_16,,electronica N Kevin_MacLeod,electronica,N,Kevin_MacLeod,,Kevin_MacLeod,electronica,,,
music-rfm-0086,music,rfm,/content/musan_data/musan/music/rfm/music-rfm-0086.wav,16000,1,2675328,167.208,PCM_16,,rock N Kevin_MacLeod,rock,N,Kevin_MacLeod,,Kevin_MacLeod,rock,,,
music-rfm-0087,music,rfm,/content/musan_data/musan/music/rfm/music-rfm-0087.wav,16000,1,2332212,145.763,PCM_16,,rock N Kevin_MacLeod,rock,N,Kevin_MacLeod,,Kevin_MacLeod,rock,,,
music-rfm-0088,music,rfm,/content/musan_data/musan/music/rfm/music-rfm-0088.wav,16000,1,2705280,169.08,PCM_16,,electronica N Kevin_MacLeod,electronica,N,Kevin_MacLeod,,Kevin_MacLeod,electronica,,,
music-rfm-0089,music,rfm,/content/musan_data/musan/music/rfm/music-rfm-0089.wav,16000,1,2455092,153.443,PCM_16,,blues N Kevin_MacLeod,blues,N,Kevin_MacLeod,,Kevin_MacLeod,blues,,,
music-rfm-0090,music,rfm,/content/musan_data/musan/music/rfm/music-rfm-0090.wav,16000,1,2981303,186.331,PCM_16,,jazz N Kevin_MacLeod,jazz,N,Kevin_MacLeod,,Kevin_MacLeod,jazz,,,
music-rfm-0091,music,rfm,/content/musan_data/musan/music/rfm/music-rfm-0091.wav,16000,1,2587585,161.724,PCM_16,,electronica N Kevin_MacLeod,electronica,N,Kevin_MacLeod,,Kevin_MacLeod,electronica,,,
music-rfm-0092,music,rfm,/content/musan_data/musan/music/rfm/music-rfm-0092.wav,16000,1,2545371,159.086,PCM_16,,jazz N Kevin_MacLeod,jazz,N,Kevin_MacLeod,,Kevin_MacLeod,jazz,,,
music-rfm-0093,music,rfm,/content/musan_data/musan/music/rfm/music-rfm-0093.wav,16000,1,2585496,161.594,PCM_16,,jazz N Kevin_MacLeod,jazz,N,Kevin_MacLeod,,Kevin_MacLeod,jazz,,,
music-rfm-0094,music,rfm,/content/musan_data/musan/music/rfm/music-rfm-0094.wav,16000,1,2584660,161.541,PCM_16,,electronica N Kevin_MacLeod,electronica,N,Kevin_MacLeod,,Kevin_MacLeod,electronica,,,
music-rfm-0095,music,rfm,/content/musan_data/musan/music/rfm/music-rfm-0095.wav,16000,1,2696673,168.542,PCM_16,,electronica N Kevin_MacLeod,electronica,N,Kevin_MacLeod,,Kevin_MacLeod,electronica,,,
music-rfm-0096,music,rfm,/content/musan_data/musan/music/rfm/music-rfm-0096.wav,16000,1,1040718,65.045,PCM_16,,electronica N Kevin_MacLeod,electronica,N,Kevin_MacLeod,,Kevin_MacLeod,electronica,,,
music-rfm-0097,music,rfm,/content/musan_data/musan/music/rfm/music-rfm-0097.wav,16000,1,2489783,155.611,PCM_16,,rock N Kevin_MacLeod,rock,N,Kevin_MacLeod,,Kevin_MacLeod,rock,,,
music-rfm-0098,music,rfm,/content/musan_data/musan/music/rfm/music-rfm-0098.wav,16000,1,3774589,235.912,PCM_16,,electronica N Kevin_MacLeod,electronica,N,Kevin_MacLeod,,Kevin_MacLeod,electronica,,,
music-rfm-0099,music,rfm,/content/musan_data/musan/music/rfm/music-rfm-0099.wav,16000,1,1849469,115.592,PCM_16,,blues N Kevin_MacLeod,blues,N,Kevin_MacLeod,,Kevin_MacLeod,blues,,,
music-rfm-0100,music,rfm,/content/musan_data/musan/music/rfm/music-rfm-0100.wav,16000,1,4090149,255.634,PCM_16,,electronica N Kevin_MacLeod,electronica,N,Kevin_MacLeod,,Kevin_MacLeod,electronica,,,
music-rfm-0101,music,rfm,/content/musan_data/musan/music/rfm/music-rfm-0101.wav,16000,1,212741,13.296,PCM_16,,rock N Kevin_MacLeod,rock,N,Kevin_MacLeod,,Kevin_MacLeod,rock,,,
music-rfm-0102,music,rfm,/content/musan_data/musan/music/rfm/music-rfm-0102.wav,16000,1,3213688,200.856,PCM_16,,electronica N Kevin_MacLeod,electronica,N,Kevin_MacLeod,,Kevin_MacLeod,electronica,,,
music-rfm-0103,music,rfm,/content/musan_data/musan/music/rfm/music-rfm-0103.wav,16000,1,1882488,117.656,PCM_16,,rock N Kevin_MacLeod,rock,N,Kevin_MacLeod,,Kevin_MacLeod,rock,,,
music-rfm-0104,music,rfm,/content/musan_data/musan/music/rfm/music-rfm-0104.wav,16000,1,3470733,216.921,PCM_16,,rock N Kevin_MacLeod,rock,N,Kevin_MacLeod,,Kevin_MacLeod,rock,,,
music-rfm-0105,music,rfm,/content/musan_data/musan/music/rfm/music-rfm-0105.wav,16000,1,3511275,219.455,PCM_16,,electronica N Kevin_MacLeod,electronica,N,Kevin_MacLeod,,Kevin_MacLeod,electronica,,,
music-rfm-0106,music,rfm,/content/musan_data/musan/music/rfm/music-rfm-0106.wav,16000,1,3298944,206.184,PCM_16,,rock N Kevin_MacLeod,rock,N,Kevin_MacLeod,,Kevin_MacLeod,rock,,,
music-rfm-0107,music,rfm,/content/musan_data/musan/music/rfm/music-rfm-0107.wav,16000,1,3261753,203.86,PCM_16,,electronica N Kevin_MacLeod,electronica,N,Kevin_MacLeod,,Kevin_MacLeod,electronica,,,
music-rfm-0108,music,rfm,/content/musan_data/musan/music/rfm/music-rfm-0108.wav,16000,1,5332992,333.312,PCM_16,,rock N Kevin_MacLeod,rock,N,Kevin_MacLeod,,Kevin_MacLeod,rock,,,
music-rfm-0109,music,rfm,/content/musan_data/musan/music/rfm/music-rfm-0109.wav,16000,1,2351020,146.939,PCM_16,,electronica N Kevin_MacLeod,electronica,N,Kevin_MacLeod,,Kevin_MacLeod,electronica,,,
music-rfm-0110,music,rfm,/content/musan_data/musan/music/rfm/music-rfm-0110.wav,16000,1,1589499,99.344,PCM_16,,rock N Kevin_MacLeod,rock,N,Kevin_MacLeod,,Kevin_MacLeod,rock,,,
music-rfm-0111,music,rfm,/content/musan_data/musan/music/rfm/music-rfm-0111.wav,16000,1,2231066,139.442,PCM_16,,rock N Kevin_MacLeod,rock,N,Kevin_MacLeod,,Kevin_MacLeod,rock,,,
music-rfm-0112,music,rfm,/content/musan_data/musan/music/rfm/music-rfm-0112.wav,16000,1,2091886,130.743,PCM_16,,jazz N Kevin_MacLeod,jazz,N,Kevin_MacLeod,,Kevin_MacLeod,jazz,,,
music-rfm-0113,music,rfm,/content/musan_data/musan/music/rfm/music-rfm-0113.wav,16000,1,3275128,204.696,PCM_16,,rock N Kevin_MacLeod,rock,N,Kevin_MacLeod,,Kevin_MacLeod,rock,,,
music-rfm-0114,music,rfm,/content/musan_data/musan/music/rfm/music-rfm-0114.wav,16000,1,2842122,177.633,PCM_16,,electronica N Kevin_MacLeod,electronica,N,Kevin_MacLeod,,Kevin_MacLeod,electronica,,,
music-rfm-0115,music,rfm,/content/musan_data/musan/music/rfm/music-rfm-0115.wav,16000,1,6590798,411.925,PCM_16,,electronica N Kevin_MacLeod,electronica,N,Kevin_MacLeod,,Kevin_MacLeod,electronica,,,
music-rfm-0116,music,rfm,/content/musan_data/musan/music/rfm/music-rfm-0116.wav,16000,1,3562266,222.642,PCM_16,,electronica N Kevin_MacLeod,electronica,N,Kevin_MacLeod,,Kevin_MacLeod,electronica,,,
music-rfm-0117,music,rfm,/content/musan_data/musan/music/rfm/music-rfm-0117.wav,16000,1,3445238,215.327,PCM_16,,electronica N Kevin_MacLeod,electronica,N,Kevin_MacLeod,,Kevin_MacLeod,electronica,,,
music-rfm-0118,music,rfm,/content/musan_data/musan/music/rfm/music-rfm-0118.wav,16000,1,2521130,157.571,PCM_16,,jazz N Kevin_MacLeod,jazz,N,Kevin_MacLeod,,Kevin_MacLeod,jazz,,,
music-rfm-0119,music,rfm,/content/musan_data/musan/music/rfm/music-rfm-0119.wav,16000,1,1192438,74.527,PCM_16,,electronica N Kevin_MacLeod,electronica,N,Kevin_MacLeod,,Kevin_MacLeod,electronica,,,
music-rfm-0120,music,rfm,/content/musan_data/musan/music/rfm/music-rfm-0120.wav,16000,1,3660069,228.754,PCM_16,,blues N Kevin_MacLeod,blues,N,Kevin_MacLeod,,Kevin_MacLeod,blues,,,
music-rfm-0121,music,rfm,/content/musan_data/musan/music/rfm/music-rfm-0121.wav,16000,1,2663654,166.478,PCM_16,,rock N Kevin_MacLeod,rock,N,Kevin_MacLeod,,Kevin_MacLeod,rock,,,
music-rfm-0122,music,rfm,/content/musan_data/musan/music/rfm/music-rfm-0122.wav,16000,1,1617502,101.094,PCM_16,,electronica N Kevin_MacLeod,electronica,N,Kevin_MacLeod,,Kevin_MacLeod,electronica,,,
music-rfm-0123,music,rfm,/content/musan_data/musan/music/rfm/music-rfm-0123.wav,16000,1,10464444,654.028,PCM_16,,electronica N Kevin_MacLeod,electronica,N,Kevin_MacLeod,,Kevin_MacLeod,electronica,,,
music-rfm-0124,music,rfm,/content/musan_data/musan/music/rfm/music-rfm-0124.wav,16000,1,3329463,208.091,PCM_16,,rock N Kevin_MacLeod,rock,N,Kevin_MacLeod,,Kevin_MacLeod,rock,,,
music-rfm-0125,music,rfm,/content/musan_data/musan/music/rfm/music-rfm-0125.wav,16000,1,5511628,344.477,PCM_16,,electronica N Kevin_MacLeod,electronica,N,Kevin_MacLeod,,Kevin_MacLeod,electronica,,,
music-rfm-0126,music,rfm,/content/musan_data/musan/music/rfm/music-rfm-0126.wav,16000,1,2149564,134.348,PCM_16,,electronica N Kevin_MacLeod,electronica,N,Kevin_MacLeod,,Kevin_MacLeod,electronica,,,
music-rfm-0127,music,rfm,/content/musan_data/musan/music/rfm/music-rfm-0127.wav,16000,1,3200731,200.046,PCM_16,,rock N Kevin_MacLeod,rock,N,Kevin_MacLeod,,Kevin_MacLeod,rock,,,
music-rfm-0128,music,rfm,/content/musan_data/musan/music/rfm/music-rfm-0128.wav,16000,1,394368,24.648,PCM_16,,jazz N Kevin_MacLeod,jazz,N,Kevin_MacLeod,,Kevin_MacLeod,jazz,,,
music-rfm-0129,music,rfm,/content/musan_data/musan/music/rfm/music-rfm-0129.wav,16000,1,3593856,224.616,PCM_16,,rock N Kevin_MacLeod,rock,N,Kevin_MacLeod,,Kevin_MacLeod,rock,,,
music-rfm-0130,music,rfm,/content/musan_data/musan/music/rfm/music-rfm-0130.wav,16000,1,3871488,241.968,PCM_16,,rock N Kevin_MacLeod,rock,N,Kevin_MacLeod,,Kevin_MacLeod,rock,,,
music-rfm-0131,music,rfm,/content/musan_data/musan/music/rfm/music-rfm-0131.wav,16000,1,1222531,76.408,PCM_16,,electronica N Kevin_MacLeod,electronica,N,Kevin_MacLeod,,Kevin_MacLeod,electronica,,,
music-rfm-0132,music,rfm,/content/musan_data/musan/music/rfm/music-rfm-0132.wav,16000,1,2760620,172.539,PCM_16,,electronica N Kevin_MacLeod,electronica,N,Kevin_MacLeod,,Kevin_MacLeod,electronica,,,
music-rfm-0133,music,rfm,/content/musan_data/musan/music/rfm/music-rfm-0133.wav,16000,1,4552829,284.552,PCM_16,,electronica N Kevin_MacLeod,electronica,N,Kevin_MacLeod,,Kevin_MacLeod,electronica,,,
music-rfm-0134,music,rfm,/content/musan_data/musan/music/rfm/music-rfm-0134.wav,16000,1,15792588,987.037,PCM_16,,electronica N Kevin_MacLeod,electronica,N,Kevin_MacLeod,,Kevin_MacLeod,electronica,,,
music-rfm-0135,music,rfm,/content/musan_data/musan/music/rfm/music-rfm-0135.wav,16000,1,4162873,260.18,PCM_16,,electronica N Kevin_MacLeod,electronica,N,Kevin_MacLeod,,Kevin_MacLeod,electronica,,,
music-rfm-0136,music,rfm,/content/musan_data/musan/music/rfm/music-rfm-0136.wav,16000,1,2994678,187.167,PCM_16,,rock N Kevin_MacLeod,rock,N,Kevin_MacLeod,,Kevin_MacLeod,rock,,,
music-rfm-0137,music,rfm,/content/musan_data/musan/music/rfm/music-rfm-0137.wav,16000,1,5069427,316.839,PCM_16,,jazz N Kevin_MacLeod,jazz,N,Kevin_MacLeod,,Kevin_MacLeod,jazz,,,
music-rfm-0138,music,rfm,/content/musan_data/musan/music/rfm/music-rfm-0138.wav,16000,1,4944457,309.029,PCM_16,,electronica N Kevin_MacLeod,electronica,N,Kevin_MacLeod,,Kevin_MacLeod,electronica,,,
music-rfm-0139,music,rfm,/content/musan_data/musan/music/rfm/music-rfm-0139.wav,16000,1,830208,51.888,PCM_16,,jazz N Kevin_MacLeod,jazz,N,Kevin_MacLeod,,Kevin_MacLeod,jazz,,,
music-rfm-0140,music,rfm,/content/musan_data/musan/music/rfm/music-rfm-0140.wav,16000,1,982622,61.414,PCM_16,,jazz N Kevin_MacLeod,jazz,N,Kevin_MacLeod,,Kevin_MacLeod,jazz,,,
music-rfm-0141,music,rfm,/content/musan_data/musan/music/rfm/music-rfm-0141.wav,16000,1,3413760,213.36,PCM_16,,electronica N Kevin_MacLeod,electronica,N,Kevin_MacLeod,,Kevin_MacLeod,electronica,,,
music-rfm-0142,music,rfm,/content/musan_data/musan/music/rfm/music-rfm-0142.wav,16000,1,1284389,80.274,PCM_16,,rock N Kevin_MacLeod,rock,N,Kevin_MacLeod,,Kevin_MacLeod,rock,,,
music-rfm-0143,music,rfm,/content/musan_data/musan/music/rfm/music-rfm-0143.wav,16000,1,4523136,282.696,PCM_16,,rock N Kevin_MacLeod,rock,N,Kevin_MacLeod,,Kevin_MacLeod,rock,,,
music-rfm-0144,music,rfm,/content/musan_data/musan/music/rfm/music-rfm-0144.wav,16000,1,3125760,195.36,PCM_16,,blues N Kevin_MacLeod,blues,N,Kevin_MacLeod,,Kevin_MacLeod,blues,,,
music-rfm-0145,music,rfm,/content/musan_data/musan/music/rfm/music-rfm-0145.wav,16000,1,2272444,142.028,PCM_16,,electronica N Kevin_MacLeod,electronica,N,Kevin_MacLeod,,Kevin_MacLeod,electronica,,,
music-rfm-0146,music,rfm,/content/musan_data/musan/music/rfm/music-rfm-0146.wav,16000,1,1881234,117.577,PCM_16,,rock N Kevin_MacLeod,rock,N,Kevin_MacLeod,,Kevin_MacLeod,rock,,,
speech-librivox-0000,speech,librivox,/content/musan_data/musan/speech/librivox/speech-librivox-0000.wav,16000,1,7104470,444.029,PCM_16,,m english,,,,,speech-librivox-0000,librivox/m,m,english,
speech-librivox-0001,speech,librivox,/content/musan_data/musan/speech/librivox/speech-librivox-0001.wav,16000,1,1278955,79.935,PCM_16,,m english,,,,,speech-librivox-0001,librivox/m,m,english,
speech-librivox-0002,speech,librivox,/content/musan_data/musan/speech/librivox/speech-librivox-0002.wav,16000,1,4059638,253.727,PCM_16,,m portuguese,,,,,speech-librivox-0002,librivox/m,m,portuguese,
speech-librivox-0003,speech,librivox,/content/musan_data/musan/speech/librivox/speech-librivox-0003.wav,16000,1,3753273,234.58,PCM_16,,m english,,,,,speech-librivox-0003,librivox/m,m,english,
speech-librivox-0004,speech,librivox,/content/musan_data/musan/speech/librivox/speech-librivox-0004.wav,16000,1,3424758,214.047,PCM_16,,m dutch,,,,,speech-librivox-0004,librivox/m,m,dutch,
speech-librivox-0005,speech,librivox,/content/musan_data/musan/speech/librivox/speech-librivox-0005.wav,16000,1,2514860,157.179,PCM_16,,f portuguese,,,,,speech-librivox-0005,librivox/f,f,portuguese,
speech-librivox-0006,speech,librivox,/content/musan_data/musan/speech/librivox/speech-librivox-0006.wav,16000,1,7095693,443.481,PCM_16,,f german,,,,,speech-librivox-0006,librivox/f,f,german,
speech-librivox-0007,speech,librivox,/content/musan_data/musan/speech/librivox/speech-librivox-0007.wav,16000,1,6581185,411.324,PCM_16,,f english,,,,,speech-librivox-0007,librivox/f,f,english,
speech-librivox-0008,speech,librivox,/content/musan_data/musan/speech/librivox/speech-librivox-0008.wav,16000,1,6688183,418.011,PCM_16,,f english,,,,,speech-librivox-0008,librivox/f,f,english,
speech-librivox-0009,speech,librivox,/content/musan_data/musan/speech/librivox/speech-librivox-0009.wav,16000,1,1018149,63.634,PCM_16,,f chinese,,,,,speech-librivox-0009,librivox/f,f,chinese,
speech-librivox-0010,speech,librivox,/content/musan_data/musan/speech/librivox/speech-librivox-0010.wav,16000,1,10435187,652.199,PCM_16,,f english,,,,,speech-librivox-0010,librivox/f,f,english,
speech-librivox-0011,speech,librivox,/content/musan_data/musan/speech/librivox/speech-librivox-0011.wav,16000,1,6839902,427.494,PCM_16,,m english,,,,,speech-librivox-0011,librivox/m,m,english,
speech-librivox-0012,speech,librivox,/content/musan_data/musan/speech/librivox/speech-librivox-0012.wav,16000,1,13055791,815.987,PCM_16,,f english,,,,,speech-librivox-0012,librivox/f,f,english,
speech-librivox-0013,speech,librivox,/content/musan_data/musan/speech/librivox/speech-librivox-0013.wav,16000,1,13939357,871.21,PCM_16,,m english,,,,,speech-librivox-0013,librivox/m,m,english,
speech-librivox-0014,speech,librivox,/content/musan_data/musan/speech/librivox/speech-librivox-0014.wav,16000,1,11493460,718.341,PCM_16,,m english,,,,,speech-librivox-0014,librivox/m,m,english,
speech-librivox-0015,speech,librivox,/content/musan_data/musan/speech/librivox/speech-librivox-0015.wav,16000,1,9466776,591.673,PCM_16,,m english,,,,,speech-librivox-0015,librivox/m,m,english,
speech-librivox-0016,speech,librivox,/content/musan_data/musan/speech/librivox/speech-librivox-0016.wav,16000,1,10083683,630.23,PCM_16,,m arabic,,,,,speech-librivox-0016,librivox/m,m,arabic,
speech-librivox-0017,speech,librivox,/content/musan_data/musan/speech/librivox/speech-librivox-0017.wav,16000,1,4748434,296.777,PCM_16,,m english,,,,,speech-librivox-0017,librivox/m,m,english,
speech-librivox-0018,speech,librivox,/content/musan_data/musan/speech/librivox/speech-librivox-0018.wav,16000,1,11055856,690.991,PCM_16,,f english,,,,,speech-librivox-0018,librivox/f,f,english,
speech-librivox-0019,speech,librivox,/content/musan_data/musan/speech/librivox/speech-librivox-0019.wav,16000,1,10541767,658.86,PCM_16,,f dutch,,,,,speech-librivox-0019,librivox/f,f,dutch,
speech-librivox-0020,speech,librivox,/content/musan_data/musan/speech/librivox/speech-librivox-0020.wav,16000,1,10217012,638.563,PCM_16,,m dutch,,,,,speech-librivox-0020,librivox/m,m,dutch,
speech-librivox-0021,speech,librivox,/content/musan_data/musan/speech/librivox/speech-librivox-0021.wav,16000,1,6946900,434.181,PCM_16,,f german,,,,,speech-librivox-0021,librivox/f,f,german,
speech-librivox-0022,speech,librivox,/content/musan_data/musan/speech/librivox/speech-librivox-0022.wav,16000,1,9998420,624.901,PCM_16,,f german,,,,,speech-librivox-0022,librivox/f,f,german,
speech-librivox-0023,speech,librivox,/content/musan_data/musan/speech/librivox/speech-librivox-0023.wav,16000,1,10120882,632.555,PCM_16,,f english,,,,,speech-librivox-0023,librivox/f,f,english,
speech-librivox-0024,speech,librivox,/content/musan_data/musan/speech/librivox/speech-librivox-0024.wav,16000,1,7076467,442.279,PCM_16,,f english,,,,,speech-librivox-0024,librivox/f,f,english,
speech-librivox-0025,speech,librivox,/content/musan_data/musan/speech/librivox/speech-librivox-0025.wav,16000,1,4773094,298.318,PCM_16,,f english,,,,,speech-librivox-0025,librivox/f,f,english,
speech-librivox-0026,speech,librivox,/content/musan_data/musan/speech/librivox/speech-librivox-0026.wav,16000,1,16767269,1047.954,PCM_16,,m english,,,,,speech-librivox-0026,librivox/m,m,english,
speech-librivox-0027,speech,librivox,/content/musan_data/musan/speech/librivox/speech-librivox-0027.wav,16000,1,5088235,318.015,PCM_16,,f portuguese,,,,,speech-librivox-0027,librivox/f,f,portuguese,
speech-librivox-0028,speech,librivox,/content/musan_data/musan/speech/librivox/speech-librivox-0028.wav,16000,1,4641019,290.064,PCM_16,,f english,,,,,speech-librivox-0028,librivox/f,f,english,
speech-librivox-0029,speech,librivox,/content/musan_data/musan/speech/librivox/speech-librivox-0029.wav,16000,1,6033241,377.078,PCM_16,,,,,,,speech-librivox-0029,librivox/u,,,
speech-librivox-0030,speech,librivox,/content/musan_data/musan/speech/librivox/speech-librivox-0030.wav,16000,1,9439608,589.976,PCM_16,,m dutch,,,,,speech-librivox-0030,librivox/m,m,dutch,
speech-librivox-0031,speech,librivox,/content/musan_data/musan/speech/librivox/speech-librivox-0031.wav,16000,1,1289822,80.614,PCM_16,,m english,,,,,speech-librivox-0031,librivox/m,m,english,
speech-librivox-0032,speech,librivox,/content/musan_data/musan/speech/librivox/speech-librivox-0032.wav,16000,1,6011507,375.719,PCM_16,,m polish,,,,,speech-librivox-0032,librivox/m,m,polish,
speech-librivox-0033,speech,librivox,/content/musan_data/musan/speech/librivox/speech-librivox-0033.wav,16000,1,10225371,639.086,PCM_16,,f english,,,,,speech-librivox-0033,librivox/f,f,english,
speech-librivox-0034,speech,librivox,/content/musan_data/musan/speech/librivox/speech-librivox-0034.wav,16000,1,11846635,740.415,PCM_16,,f english,,,,,speech-librivox-0034,librivox/f,f,english,
speech-librivox-0035,speech,librivox,/content/musan_data/musan/speech/librivox/speech-librivox-0035.wav,16000,1,8850704,553.169,PCM_16,,m german,,,,,speech-librivox-0035,librivox/m,m,german,
speech-librivox-0036,speech,librivox,/content/musan_data/musan/speech/librivox/speech-librivox-0036.wav,16000,1,8434416,527.151,PCM_16,,m english,,,,,speech-librivox-0036,librivox/m,m,english,
speech-librivox-0037,speech,librivox,/content/musan_data/musan/speech/librivox/speech-librivox-0037.wav,16000,1,8665130,541.571,PCM_16,,f german,,,,,speech-librivox-0037,librivox/f,f,german,
speech-librivox-0038,speech,librivox,/content/musan_data/musan/speech/librivox/speech-librivox-0038.wav,16000,1,9384856,586.553,PCM_16,,m english,,,,,speech-librivox-0038,librivox/m,m,english,
speech-librivox-0039,speech,librivox,/content/musan_data/musan/speech/librivox/speech-librivox-0039.wav,16000,1,2339318,146.207,PCM_16,,f chinese,,,,,speech-librivox-0039,librivox/f,f,chinese,
speech-librivox-0040,speech,librivox,/content/musan_data/musan/speech/librivox/speech-librivox-0040.wav,16000,1,4379376,273.711,PCM_16,,f chinese,,,,,speech-librivox-0040,librivox/f,f,chinese,
speech-librivox-0041,speech,librivox,/content/musan_data/musan/speech/librivox/speech-librivox-0041.wav,16000,1,7971318,498.207,PCM_16,,f english,,,,,speech-librivox-0041,librivox/f,f,english,
speech-librivox-0042,speech,librivox,/content/musan_data/musan/speech/librivox/speech-librivox-0042.wav,16000,1,5323128,332.695,PCM_16,,f italian,,,,,speech-librivox-0042,librivox/f,f,italian,
speech-librivox-0043,speech,librivox,/content/musan_data/musan/speech/librivox/speech-librivox-0043.wav,16000,1,7182211,448.888,PCM_16,,f chinese,,,,,speech-librivox-0043,librivox/f,f,chinese,
speech-librivox-0044,speech,librivox,/content/musan_data/musan/speech/librivox/speech-librivox-0044.wav,16000,1,7782400,486.4,PCM_16,,f english,,,,,speech-librivox-0044,librivox/f,f,english,
speech-librivox-0045,speech,librivox,/content/musan_data/musan/speech/librivox/speech-librivox-0045.wav,16000,1,9073058,567.066,PCM_16,,m english,,,,,speech-librivox-0045,librivox/m,m,english,
speech-librivox-0046,speech,librivox,/content/musan_data/musan/speech/librivox/speech-librivox-0046.wav,16000,1,5627402,351.713,PCM_16,,m english,,,,,speech-librivox-0046,librivox/m,m,english,
speech-librivox-0047,speech,librivox,/content/musan_data/musan/speech/librivox/speech-librivox-0047.wav,16000,1,8456568,528.535,PCM_16,,f russian,,,,,speech-librivox-0047,librivox/f,f,russian,
speech-librivox-0048,speech,librivox,/content/musan_data/musan/speech/librivox/speech-librivox-0048.wav,16000,1,11142374,696.398,PCM_16,,m english,,,,,speech-librivox-0048,librivox/m,m,english,
speech-librivox-0049,speech,librivox,/content/musan_data/musan/speech/librivox/speech-librivox-0049.wav,16000,1,11068395,691.775,PCM_16,,m english,,,,,speech-librivox-0049,librivox/m,m,english,
speech-librivox-0050,speech,librivox,/content/musan_data/musan/speech/librivox/speech-librivox-0050.wav,16000,1,7587631,474.227,PCM_16,,m english,,,,,speech-librivox-0050,librivox/m,m,english,
speech-librivox-0051,speech,librivox,/content/musan_data/musan/speech/librivox/speech-librivox-0051.wav,16000,1,5048947,315.559,PCM_16,,f english,,,,,speech-librivox-0051,librivox/f,f,english,
speech-librivox-0052,speech,librivox,/content/musan_data/musan/speech/librivox/speech-librivox-0052.wav,16000,1,12726439,795.402,PCM_16,,m english,,,,,speech-librivox-0052,librivox/m,m,english,
speech-librivox-0053,speech,librivox,/content/musan_data/musan/speech/librivox/speech-librivox-0053.wav,16000,1,3280980,205.061,PCM_16,,f english,,,,,speech-librivox-0053,librivox/f,f,english,
speech-librivox-0054,speech,librivox,/content/musan_data/musan/speech/librivox/speech-librivox-0054.wav,16000,1,4524826,282.802,PCM_16,,f english,,,,,speech-librivox-0054,librivox/f,f,english,
speech-librivox-0055,speech,librivox,/content/musan_data/musan/speech/librivox/speech-librivox-0055.wav,16000,1,5248731,328.046,PCM_16,,f english,,,,,speech-librivox-0055,librivox/f,f,english,
speech-librivox-0056,speech,librivox,/content/musan_data/musan/speech/librivox/speech-librivox-0056.wav,16000,1,2590093,161.881,PCM_16,,m english,,,,,speech-librivox-0056,librivox/m,m,english,
speech-librivox-0057,speech,librivox,/content/musan_data/musan/speech/librivox/speech-librivox-0057.wav,16000,1,9252362,578.273,PCM_16,,m english,,,,,speech-librivox-0057,librivox/m,m,english,
speech-librivox-0058,speech,librivox,/content/musan_data/musan/speech/librivox/speech-librivox-0058.wav,16000,1,10283886,642.743,PCM_16,,m german,,,,,speech-librivox-0058,librivox/m,m,german,
speech-librivox-0059,speech,librivox,/content/musan_data/musan/speech/librivox/speech-librivox-0059.wav,16000,1,9339298,583.706,PCM_16,,m german,,,,,speech-librivox-0059,librivox/m,m,german,
speech-librivox-0060,speech,librivox,/content/musan_data/musan/speech/librivox/speech-librivox-0060.wav,16000,1,9679099,604.944,PCM_16,,f english,,,,,speech-librivox-0060,librivox/f,f,english,
speech-librivox-0061,speech,librivox,/content/musan_data/musan/speech/librivox/speech-librivox-0061.wav,16000,1,15681829,980.114,PCM_16,,f english,,,,,speech-librivox-0061,librivox/f,f,english,
speech-librivox-0062,speech,librivox,/content/musan_data/musan/speech/librivox/speech-librivox-0062.wav,16000,1,5791242,361.953,PCM_16,,m portuguese,,,,,speech-librivox-0062,librivox/m,m,portuguese,
speech-librivox-0063,speech,librivox,/content/musan_data/musan/speech/librivox/speech-librivox-0063.wav,16000,1,8320313,520.02,PCM_16,,f english,,,,,speech-librivox-0063,librivox/f,f,english,
speech-librivox-0064,speech,librivox,/content/musan_data/musan/speech/librivox/speech-librivox-0064.wav,16000,1,9575027,598.439,PCM_16,,m english,,,,,speech-librivox-0064,librivox/m,m,english,
speech-librivox-0065,speech,librivox,/content/musan_data/musan/speech/librivox/speech-librivox-0065.wav,16000,1,2112784,132.049,PCM_16,,m spanish,,,,,speech-librivox-0065,librivox/m,m,spanish,
speech-librivox-0066,speech,librivox,/content/musan_data/musan/speech/librivox/speech-librivox-0066.wav,16000,1,5153855,322.116,PCM_16,,m spanish,,,,,speech-librivox-0066,librivox/m,m,spanish,
speech-librivox-0067,speech,librivox,/content/musan_data/musan/speech/librivox/speech-librivox-0067.wav,16000,1,3620362,226.273,PCM_16,,f spanish,,,,,speech-librivox-0067,librivox/f,f,spanish,
speech-librivox-0068,speech,librivox,/content/musan_data/musan/speech/librivox/speech-librivox-0068.wav,16000,1,4054622,253.414,PCM_16,,f spanish,,,,,speech-librivox-0068,librivox/f,f,spanish,
speech-librivox-0069,speech,librivox,/content/musan_data/musan/speech/librivox/speech-librivox-0069.wav,16000,1,6577842,411.115,PCM_16,,m portuguese,,,,,speech-librivox-0069,librivox/m,m,portuguese,
speech-librivox-0070,speech,librivox,/content/musan_data/musan/speech/librivox/speech-librivox-0070.wav,16000,1,10829740,676.859,PCM_16,,m english,,,,,speech-librivox-0070,librivox/m,m,english,
speech-librivox-0071,speech,librivox,/content/musan_data/musan/speech/librivox/speech-librivox-0071.wav,16000,1,6360085,397.505,PCM_16,,m english,,,,,speech-librivox-0071,librivox/m,m,english,
speech-librivox-0072,speech,librivox,/content/musan_data/musan/speech/librivox/speech-librivox-0072.wav,16000,1,5278824,329.926,PCM_16,,f english,,,,,speech-librivox-0072,librivox/f,f,english,
speech-librivox-0073,speech,librivox,/content/musan_data/musan/speech/librivox/speech-librivox-0073.wav,16000,1,6625489,414.093,PCM_16,,m english,,,,,speech-librivox-0073,librivox/m,m,english,
speech-librivox-0074,speech,librivox,/content/musan_data/musan/speech/librivox/speech-librivox-0074.wav,16000,1,3627468,226.717,PCM_16,,f english,,,,,speech-librivox-0074,librivox/f,f,english,
speech-librivox-0075,speech,librivox,/content/musan_data/musan/speech/librivox/speech-librivox-0075.wav,16000,1,5004225,312.764,PCM_16,,m english,,,,,speech-librivox-0075,librivox/m,m,english,
speech-librivox-0076,speech,librivox,/content/musan_data/musan/speech/librivox/speech-librivox-0076.wav,16000,1,3555579,222.224,PCM_16,,m english,,,,,speech-librivox-0076,librivox/m,m,english,
speech-librivox-0077,speech,librivox,/content/musan_data/musan/speech/librivox/speech-librivox-0077.wav,16000,1,2669923,166.87,PCM_16,,f english,,,,,speech-librivox-0077,librivox/f,f,english,
speech-librivox-0078,speech,librivox,/content/musan_data/musan/speech/librivox/speech-librivox-0078.wav,16000,1,6574080,410.88,PCM_16,,m portuguese,,,,,speech-librivox-0078,librivox/m,m,portuguese,
speech-librivox-0079,speech,librivox,/content/musan_data/musan/speech/librivox/speech-librivox-0079.wav,16000,1,4066325,254.145,PCM_16,,f french,,,,,speech-librivox-0079,librivox/f,f,french,
speech-librivox-0080,speech,librivox,/content/musan_data/musan/speech/librivox/speech-librivox-0080.wav,16000,1,10150557,634.41,PCM_16,,f portuguese,,,,,speech-librivox-0080,librivox/f,f,portuguese,
speech-librivox-0081,speech,librivox,/content/musan_data/musan/speech/librivox/speech-librivox-0081.wav,16000,1,2934909,183.432,PCM_16,,m spanish,,,,,speech-librivox-0081,librivox/m,m,spanish,
speech-librivox-0082,speech,librivox,/content/musan_data/musan/speech/librivox/speech-librivox-0082.wav,16000,1,3974792,248.424,PCM_16,,m spanish,,,,,speech-librivox-0082,librivox/m,m,spanish,
speech-librivox-0083,speech,librivox,/content/musan_data/musan/speech/librivox/speech-librivox-0083.wav,16000,1,8580284,536.268,PCM_16,,m english,,,,,speech-librivox-0083,librivox/m,m,english,
speech-librivox-0084,speech,librivox,/content/musan_data/musan/speech/librivox/speech-librivox-0084.wav,16000,1,6261029,391.314,PCM_16,,m english,,,,,speech-librivox-0084,librivox/m,m,english,
speech-librivox-0085,speech,librivox,/content/musan_data/musan/speech/librivox/speech-librivox-0085.wav,16000,1,9491017,593.189,PCM_16,,m chinese,,,,,speech-librivox-0085,librivox/m,m,chinese,
speech-librivox-0086,speech,librivox,/content/musan_data/musan/speech/librivox/speech-librivox-0086.wav,16000,1,5847249,365.453,PCM_16,,m russian,,,,,speech-librivox-0086,librivox/m,m,russian,
speech-librivox-0087,speech,librivox,/content/musan_data/musan/speech/librivox/speech-librivox-0087.wav,16000,1,9042129,565.133,PCM_16,,f hungarian,,,,,speech-librivox-0087,librivox/f,f,hungarian,
speech-librivox-0088,speech,librivox,/content/musan_data/musan/speech/librivox/speech-librivox-0088.wav,16000,1,4867971,304.248,PCM_16,,f german,,,,,speech-librivox-0088,librivox/f,f,german,
speech-librivox-0089,speech,librivox,/content/musan_data/musan/speech/librivox/speech-librivox-0089.wav,16000,1,2320927,145.058,PCM_16,,m italian,,,,,speech-librivox-0089,librivox/m,m,italian,
speech-librivox-0090,speech,librivox,/content/musan_data/musan/speech/librivox/speech-librivox-0090.wav,16000,1,9725910,607.869,PCM_16,,m english,,,,,speech-librivox-0090,librivox/m,m,english,
speech-librivox-0091,speech,librivox,/content/musan_data/musan/speech/librivox/speech-librivox-0091.wav,16000,1,900284,56.268,PCM_16,,m french,,,,,speech-librivox-0091,librivox/m,m,french,
speech-librivox-0092,speech,librivox,/content/musan_data/musan/speech/librivox/speech-librivox-0092.wav,16000,1,3816192,238.512,PCM_16,,m hebrew,,,,,speech-librivox-0092,librivox/m,m,hebrew,
speech-librivox-0093,speech,librivox,/content/musan_data/musan/speech/librivox/speech-librivox-0093.wav,16000,1,5026377,314.149,PCM_16,,m german,,,,,speech-librivox-0093,librivox/m,m,german,
speech-librivox-0094,speech,librivox,/content/musan_data/musan/speech/librivox/speech-librivox-0094.wav,16000,1,2824568,176.536,PCM_16,,f german,,,,,speech-librivox-0094,librivox/f,f,german,
speech-librivox-0095,speech,librivox,/content/musan_data/musan/speech/librivox/speech-librivox-0095.wav,16000,1,8769202,548.075,PCM_16,,f english,,,,,speech-librivox-0095,librivox/f,f,english,
speech-librivox-0096,speech,librivox,/content/musan_data/musan/speech/librivox/speech-librivox-0096.wav,16000,1,6032405,377.025,PCM_16,,f english,,,,,speech-librivox-0096,librivox/f,f,english,
speech-librivox-0097,speech,librivox,/content/musan_data/musan/speech/librivox/speech-librivox-0097.wav,16000,1,5535869,345.992,PCM_16,,f german,,,,,speech-librivox-0097,librivox/f,f,german,
speech-librivox-0098,speech,librivox,/content/musan_data/musan/speech/librivox/speech-librivox-0098.wav,16000,1,5592294,349.518,PCM_16,,f german,,,,,speech-librivox-0098,librivox/f,f,german,
speech-librivox-0099,speech,librivox,/content/musan_data/musan/speech/librivox/speech-librivox-0099.wav,16000,1,5919138,369.946,PCM_16,,f german,,,,,speech-librivox-0099,librivox/f,f,german,
speech-librivox-0100,speech,librivox,/content/musan_data/musan/speech/librivox/speech-librivox-0100.wav,16000,1,4152842,259.553,PCM_16,,f chinese,,,,,speech-librivox-0100,librivox/f,f,chinese,
speech-librivox-0101,speech,librivox,/content/musan_data/musan/speech/librivox/speech-librivox-0101.wav,16000,1,3146397,196.65,PCM_16,,f japanese,,,,,speech-librivox-0101,librivox/f,f,japanese,
speech-librivox-0102,speech,librivox,/content/musan_data/musan/speech/librivox/speech-librivox-0102.wav,16000,1,8728660,545.541,PCM_16,,m russian,,,,,speech-librivox-0102,librivox/m,m,russian,
speech-librivox-0103,speech,librivox,/content/musan_data/musan/speech/librivox/speech-librivox-0103.wav,16000,1,4915200,307.2,PCM_16,,f french,,,,,speech-librivox-0103,librivox/f,f,french,
speech-librivox-0104,speech,librivox,/content/musan_data/musan/speech/librivox/speech-librivox-0104.wav,16000,1,3139709,196.232,PCM_16,,f french,,,,,speech-librivox-0104,librivox/f,f,french,
speech-librivox-0105,speech,librivox,/content/musan_data/musan/speech/librivox/speech-librivox-0105.wav,16000,1,4246047,265.378,PCM_16,,m french,,,,,speech-librivox-0105,librivox/m,m,french,
speech-librivox-0106,speech,librivox,/content/musan_data/musan/speech/librivox/speech-librivox-0106.wav,16000,1,2695419,168.464,PCM_16,,m french,,,,,speech-librivox-0106,librivox/m,m,french,
speech-librivox-0107,speech,librivox,/content/musan_data/musan/speech/librivox/speech-librivox-0107.wav,16000,1,7474364,467.148,PCM_16,,f french,,,,,speech-librivox-0107,librivox/f,f,french,
speech-librivox-0108,speech,librivox,/content/musan_data/musan/speech/librivox/speech-librivox-0108.wav,16000,1,6986188,436.637,PCM_16,,m french,,,,,speech-librivox-0108,librivox/m,m,french,
speech-librivox-0109,speech,librivox,/content/musan_data/musan/speech/librivox/speech-librivox-0109.wav,16000,1,3378364,211.148,PCM_16,,f english,,,,,speech-librivox-0109,librivox/f,f,english,
speech-librivox-0110,speech,librivox,/content/musan_data/musan/speech/librivox/speech-librivox-0110.wav,16000,1,1026508,64.157,PCM_16,,m italian,,,,,speech-librivox-0110,librivox/m,m,italian,
speech-librivox-0111,speech,librivox,/content/musan_data/musan/speech/librivox/speech-librivox-0111.wav,16000,1,4142393,258.9,PCM_16,,m japanese,,,,,speech-librivox-0111,librivox/m,m,japanese,
speech-librivox-0112,speech,librivox,/content/musan_data/musan/speech/librivox/speech-librivox-0112.wav,16000,1,9225613,576.601,PCM_16,,m italian,,,,,speech-librivox-0112,librivox/m,m,italian,
speech-librivox-0113,speech,librivox,/content/musan_data/musan/speech/librivox/speech-librivox-0113.wav,16000,1,6478367,404.898,PCM_16,,m italian,,,,,speech-librivox-0113,librivox/m,m,italian,
speech-librivox-0114,speech,librivox,/content/musan_data/musan/speech/librivox/speech-librivox-0114.wav,16000,1,2100245,131.265,PCM_16,,m french,,,,,speech-librivox-0114,librivox/m,m,french,
speech-librivox-0115,speech,librivox,/content/musan_data/musan/speech/librivox/speech-librivox-0115.wav,16000,1,3707298,231.706,PCM_16,,m latin,,,,,speech-librivox-0115,librivox/m,m,latin,
speech-librivox-0116,speech,librivox,/content/musan_data/musan/speech/librivox/speech-librivox-0116.wav,16000,1,14235272,889.705,PCM_16,,m english,,,,,speech-librivox-0116,librivox/m,m,english,
speech-librivox-0117,speech,librivox,/content/musan_data/musan/speech/librivox/speech-librivox-0117.wav,16000,1,6644736,415.296,PCM_16,,m russian,,,,,speech-librivox-0117,librivox/m,m,russian,
speech-librivox-0118,speech,librivox,/content/musan_data/musan/speech/librivox/speech-librivox-0118.wav,16000,1,6644297,415.269,PCM_16,,m russian,,,,,speech-librivox-0118,librivox/m,m,russian,
speech-librivox-0119,speech,librivox,/content/musan_data/musan/speech/librivox/speech-librivox-0119.wav,16000,1,10897450,681.091,PCM_16,,f english,,,,,speech-librivox-0119,librivox/f,f,english,
speech-librivox-0120,speech,librivox,/content/musan_data/musan/speech/librivox/speech-librivox-0120.wav,16000,1,10696829,668.552,PCM_16,,f english,,,,,speech-librivox-0120,librivox/f,f,english,
speech-librivox-0121,speech,librivox,/content/musan_data/musan/speech/librivox/speech-librivox-0121.wav,16000,1,8086674,505.417,PCM_16,,f chinese,,,,,speech-librivox-0121,librivox/f,f,chinese,
speech-librivox-0122,speech,librivox,/content/musan_data/musan/speech/librivox/speech-librivox-0122.wav,16000,1,16075128,1004.696,PCM_16,,m french,,,,,speech-librivox-0122,librivox/m,m,french,
speech-librivox-0123,speech,librivox,/content/musan_data/musan/speech/librivox/speech-librivox-0123.wav,16000,1,3167713,197.982,PCM_16,,f dutch,,,,,speech-librivox-0123,librivox/f,f,dutch,
speech-librivox-0124,speech,librivox,/content/musan_data/musan/speech/librivox/speech-librivox-0124.wav,16000,1,3237930,202.371,PCM_16,,f dutch,,,,,speech-librivox-0124,librivox/f,f,dutch,
speech-librivox-0125,speech,librivox,/content/musan_data/musan/speech/librivox/speech-librivox-0125.wav,16000,1,3859017,241.189,PCM_16,,f dutch,,,,,speech-librivox-0125,librivox/f,f,dutch,
speech-librivox-0126,speech,librivox,/content/musan_data/musan/speech/librivox/speech-librivox-0126.wav,16000,1,3105437,194.09,PCM_16,,f tagalog,,,,,speech-librivox-0126,librivox/f,f,tagalog,
speech-librivox-0127,speech,librivox,/content/musan_data/musan/speech/librivox/speech-librivox-0127.wav,16000,1,6090083,380.63,PCM_16,,m spanish,,,,,speech-librivox-0127,librivox/m,m,spanish,
speech-librivox-0128,speech,librivox,/content/musan_data/musan/speech/librivox/speech-librivox-0128.wav,16000,1,1276865,79.804,PCM_16,,f russian,,,,,speech-librivox-0128,librivox/f,f,russian,
speech-librivox-0129,speech,librivox,/content/musan_data/musan/speech/librivox/speech-librivox-0129.wav,16000,1,1307376,81.711,PCM_16,,f russian,,,,,speech-librivox-0129,librivox/f,f,russian,
speech-librivox-0130,speech,librivox,/content/musan_data/musan/speech/librivox/speech-librivox-0130.wav,16000,1,1942256,121.391,PCM_16,,m hebrew,,,,,speech-librivox-0130,librivox/m,m,hebrew,
speech-librivox-0131,speech,librivox,/content/musan_data/musan/speech/librivox/speech-librivox-0131.wav,16000,1,6938122,433.633,PCM_16,,f russian,,,,,speech-librivox-0131,librivox/f,f,russian,
speech-librivox-0132,speech,librivox,/content/musan_data/musan/speech/librivox/speech-librivox-0132.wav,16000,1,995997,62.25,PCM_16,,m russian,,,,,speech-librivox-0132,librivox/m,m,russian,
speech-librivox-0133,speech,librivox,/content/musan_data/musan/speech/librivox/speech-librivox-0133.wav,16000,1,7988872,499.305,PCM_16,,f tagalog,,,,,speech-librivox-0133,librivox/f,f,tagalog,
speech-librivox-0134,speech,librivox,/content/musan_data/musan/speech/librivox/speech-librivox-0134.wav,16000,1,12605231,787.827,PCM_16,,f italian,,,,,speech-librivox-0134,librivox/f,f,italian,
speech-librivox-0135,speech,librivox,/content/musan_data/musan/speech/librivox/speech-librivox-0135.wav,16000,1,2880157,180.01,PCM_16,,f portuguese,,,,,speech-librivox-0135,librivox/f,f,portuguese,
speech-librivox-0136,speech,librivox,/content/musan_data/musan/speech/librivox/speech-librivox-0136.wav,16000,1,10708608,669.288,PCM_16,,f japanese,,,,,speech-librivox-0136,librivox/f,f,japanese,
speech-librivox-0137,speech,librivox,/content/musan_data/musan/speech/librivox/speech-librivox-0137.wav,16000,1,10530064,658.129,PCM_16,,m spanish,,,,,speech-librivox-0137,librivox/m,m,spanish,
speech-librivox-0138,speech,librivox,/content/musan_data/musan/speech/librivox/speech-librivox-0138.wav,16000,1,2598870,162.429,PCM_16,,f english,,,,,speech-librivox-0138,librivox/f,f,english,
speech-librivox-0139,speech,librivox,/content/musan_data/musan/speech/librivox/speech-librivox-0139.wav,16000,1,1739546,108.722,PCM_16,,f english,,,,,speech-librivox-0139,librivox/f,f,english,
speech-librivox-0140,speech,librivox,/content/musan_data/musan/speech/librivox/speech-librivox-0140.wav,16000,1,4022439,251.402,PCM_16,,f english,,,,,speech-librivox-0140,librivox/f,f,english,
speech-librivox-0141,speech,librivox,/content/musan_data/musan/speech/librivox/speech-librivox-0141.wav,16000,1,1302779,81.424,PCM_16,,f english,,,,,speech-librivox-0141,librivox/f,f,english,
speech-librivox-0142,speech,librivox,/content/musan_data/musan/speech/librivox/speech-librivox-0142.wav,16000,1,7220245,451.265,PCM_16,,m tagalog,,,,,speech-librivox-0142,librivox/m,m,tagalog,
speech-librivox-0143,speech,librivox,/content/musan_data/musan/speech/librivox/speech-librivox-0143.wav,16000,1,8721972,545.123,PCM_16,,f english,,,,,speech-librivox-0143,librivox/f,f,english,
speech-librivox-0144,speech,librivox,/content/musan_data/musan/speech/librivox/speech-librivox-0144.wav,16000,1,1895863,118.491,PCM_16,,f spanish,,,,,speech-librivox-0144,librivox/f,f,spanish,
speech-librivox-0145,speech,librivox,/content/musan_data/musan/speech/librivox/speech-librivox-0145.wav,16000,1,8317388,519.837,PCM_16,,m danish,,,,,speech-librivox-0145,librivox/m,m,danish,
speech-librivox-0146,speech,librivox,/content/musan_data/musan/speech/librivox/speech-librivox-0146.wav,16000,1,1933061,120.816,PCM_16,,f french,,,,,speech-librivox-0146,librivox/f,f,french,
speech-librivox-0147,speech,librivox,/content/musan_data/musan/speech/librivox/speech-librivox-0147.wav,16000,1,4039993,252.5,PCM_16,,f portuguese,,,,,speech-librivox-0147,librivox/f,f,portuguese,
speech-librivox-0148,speech,librivox,/content/musan_data/musan/speech/librivox/speech-librivox-0148.wav,16000,1,8720718,545.045,PCM_16,,m dutch,,,,,speech-librivox-0148,librivox/m,m,dutch,
speech-librivox-0149,speech,librivox,/content/musan_data/musan/speech/librivox/speech-librivox-0149.wav,16000,1,5097848,318.615,PCM_16,,m english,,,,,speech-librivox-0149,librivox/m,m,english,
speech-librivox-0150,speech,librivox,/content/musan_data/musan/speech/librivox/speech-librivox-0150.wav,16000,1,12795820,799.739,PCM_16,,m italian,,,,,speech-librivox-0150,librivox/m,m,italian,
speech-librivox-0151,speech,librivox,/content/musan_data/musan/speech/librivox/speech-librivox-0151.wav,16000,1,6523507,407.719,PCM_16,,f polish,,,,,speech-librivox-0151,librivox/f,f,polish,
speech-librivox-0152,speech,librivox,/content/musan_data/musan/speech/librivox/speech-librivox-0152.wav,16000,1,5267122,329.195,PCM_16,,f spanish,,,,,speech-librivox-0152,librivox/f,f,spanish,
speech-librivox-0153,speech,librivox,/content/musan_data/musan/speech/librivox/speech-librivox-0153.wav,16000,1,10340310,646.269,PCM_16,,m english,,,,,speech-librivox-0153,librivox/m,m,english,
speech-librivox-0154,speech,librivox,/content/musan_data/musan/speech/librivox/speech-librivox-0154.wav,16000,1,9985881,624.118,PCM_16,,m english,,,,,speech-librivox-0154,librivox/m,m,english,
speech-librivox-0155,speech,librivox,/content/musan_data/musan/speech/librivox/speech-librivox-0155.wav,16000,1,10993162,687.073,PCM_16,,f english,,,,,speech-librivox-0155,librivox/f,f,english,
speech-librivox-0156,speech,librivox,/content/musan_data/musan/speech/librivox/speech-librivox-0156.wav,16000,1,8793443,549.59,PCM_16,,m english,,,,,speech-librivox-0156,librivox/m,m,english,
speech-librivox-0157,speech,librivox,/content/musan_data/musan/speech/librivox/speech-librivox-0157.wav,16000,1,9983791,623.987,PCM_16,,m english,,,,,speech-librivox-0157,librivox/m,m,english,
speech-librivox-0158,speech,librivox,/content/musan_data/musan/speech/librivox/speech-librivox-0158.wav,16000,1,9488091,593.006,PCM_16,,m german,,,,,speech-librivox-0158,librivox/m,m,german,
speech-librivox-0159,speech,librivox,/content/musan_data/musan/speech/librivox/speech-librivox-0159.wav,16000,1,9758511,609.907,PCM_16,,f german,,,,,speech-librivox-0159,librivox/f,f,german,
speech-librivox-0160,speech,librivox,/content/musan_data/musan/speech/librivox/speech-librivox-0160.wav,16000,1,10675931,667.246,PCM_16,,f german,,,,,speech-librivox-0160,librivox/f,f,german,
speech-librivox-0161,speech,librivox,/content/musan_data/musan/speech/librivox/speech-librivox-0161.wav,16000,1,2773159,173.322,PCM_16,,f spanish,,,,,speech-librivox-0161,librivox/f,f,spanish,
speech-librivox-0162,speech,librivox,/content/musan_data/musan/speech/librivox/speech-librivox-0162.wav,16000,1,8768784,548.049,PCM_16,,f english,,,,,speech-librivox-0162,librivox/f,f,english,
speech-librivox-0163,speech,librivox,/content/musan_data/musan/speech/librivox/speech-librivox-0163.wav,16000,1,5876924,367.308,PCM_16,,f english,,,,,speech-librivox-0163,librivox/f,f,english,
speech-librivox-0164,speech,librivox,/content/musan_data/musan/speech/librivox/speech-librivox-0164.wav,16000,1,8950178,559.386,PCM_16,,f english,,,,,speech-librivox-0164,librivox/f,f,english,
speech-librivox-0165,speech,librivox,/content/musan_data/musan/speech/librivox/speech-librivox-0165.wav,16000,1,11284062,705.254,PCM_16,,f italian,,,,,speech-librivox-0165,librivox/f,f,italian,
speech-librivox-0166,speech,librivox,/content/musan_data/musan/speech/librivox/speech-librivox-0166.wav,16000,1,10284722,642.795,PCM_16,,m dutch,,,,,speech-librivox-0166,librivox/m,m,dutch,
speech-librivox-0167,speech,librivox,/content/musan_data/musan/speech/librivox/speech-librivox-0167.wav,16000,1,8529711,533.107,PCM_16,,m hebrew,,,,,speech-librivox-0167,librivox/m,m,hebrew,
speech-librivox-0168,speech,librivox,/content/musan_data/musan/speech/librivox/speech-librivox-0168.wav,16000,1,4613851,288.366,PCM_16,,m english,,,,,speech-librivox-0168,librivox/m,m,english,
speech-librivox-0169,speech,librivox,/content/musan_data/musan/speech/librivox/speech-librivox-0169.wav,16000,1,5418841,338.678,PCM_16,,m english,,,,,speech-librivox-0169,librivox/m,m,english,
speech-librivox-0170,speech,librivox,/content/musan_data/musan/speech/librivox/speech-librivox-0170.wav,16000,1,12544627,784.039,PCM_16,,m hebrew,,,,,speech-librivox-0170,librivox/m,m,hebrew,
speech-librivox-0171,speech,librivox,/content/musan_data/musan/speech/librivox/speech-librivox-0171.wav,16000,1,8776307,548.519,PCM_16,,m english,,,,,speech-librivox-0171,librivox/m,m,english,
speech-librivox-0172,speech,librivox,/content/musan_data/musan/speech/librivox/speech-librivox-0172.wav,16000,1,6151941,384.496,PCM_16,,m english,,,,,speech-librivox-0172,librivox/m,m,english,
speech-us-gov-0000,speech,us-gov,/content/musan_data/musan/speech/us-gov/speech-us-gov-0000.wav,16000,1,9600768,600.048,PCM_16,,,,,,,speech-us-gov-0000,us-gov/u,,,
speech-us-gov-0001,speech,us-gov,/content/musan_data/musan/speech/us-gov/speech-us-gov-0001.wav,16000,1,9600192,600.012,PCM_16,,,,,,,speech-us-gov-0001,us-gov/u,,,
speech-us-gov-0002,speech,us-gov,/content/musan_data/musan/speech/us-gov/speech-us-gov-0002.wav,16000,1,9600192,600.012,PCM_16,,,,,,,speech-us-gov-0002,us-gov/u,,,
speech-us-gov-0003,speech,us-gov,/content/musan_data/musan/speech/us-gov/speech-us-gov-0003.wav,16000,1,9600192,600.012,PCM_16,,,,,,,speech-us-gov-0003,us-gov/u,,,
speech-us-gov-0004,speech,us-gov,/content/musan_data/musan/speech/us-gov/speech-us-gov-0004.wav,16000,1,9599616,599.976,PCM_16,,,,,,,speech-us-gov-0004,us-gov/u,,,
speech-us-gov-0005,speech,us-gov,/content/musan_data/musan/speech/us-gov/speech-us-gov-0005.wav,16000,1,428544,26.784,PCM_16,,,,,,,speech-us-gov-0005,us-gov/u,,,
speech-us-gov-0006,speech,us-gov,/content/musan_data/musan/speech/us-gov/speech-us-gov-0006.wav,16000,1,9600104,600.006,PCM_16,,,,,,,speech-us-gov-0006,us-gov/u,,,
speech-us-gov-0007,speech,us-gov,/content/musan_data/musan/speech/us-gov/speech-us-gov-0007.wav,16000,1,9599686,599.98,PCM_16,,,,,,,speech-us-gov-0007,us-gov/u,,,
speech-us-gov-0008,speech,us-gov,/content/musan_data/musan/speech/us-gov/speech-us-gov-0008.wav,16000,1,9599268,599.954,PCM_16,,,,,,,speech-us-gov-0008,us-gov/u,,,
speech-us-gov-0009,speech,us-gov,/content/musan_data/musan/speech/us-gov/speech-us-gov-0009.wav,16000,1,9599686,599.98,PCM_16,,,,,,,speech-us-gov-0009,us-gov/u,,,
speech-us-gov-0010,speech,us-gov,/content/musan_data/musan/speech/us-gov/speech-us-gov-0010.wav,16000,1,9599268,599.954,PCM_16,,,,,,,speech-us-gov-0010,us-gov/u,,,
speech-us-gov-0011,speech,us-gov,/content/musan_data/musan/speech/us-gov/speech-us-gov-0011.wav,16000,1,9599686,599.98,PCM_16,,,,,,,speech-us-gov-0011,us-gov/u,,,
speech-us-gov-0012,speech,us-gov,/content/musan_data/musan/speech/us-gov/speech-us-gov-0012.wav,16000,1,9598850,599.928,PCM_16,,,,,,,speech-us-gov-0012,us-gov/u,,,
speech-us-gov-0013,speech,us-gov,/content/musan_data/musan/speech/us-gov/speech-us-gov-0013.wav,16000,1,9599686,599.98,PCM_16,,,,,,,speech-us-gov-0013,us-gov/u,,,
speech-us-gov-0014,speech,us-gov,/content/musan_data/musan/speech/us-gov/speech-us-gov-0014.wav,16000,1,5988102,374.256,PCM_16,,,,,,,speech-us-gov-0014,us-gov/u,,,
speech-us-gov-0015,speech,us-gov,/content/musan_data/musan/speech/us-gov/speech-us-gov-0015.wav,16000,1,9600104,600.006,PCM_16,,,,,,,speech-us-gov-0015,us-gov/u,,,
speech-us-gov-0016,speech,us-gov,/content/musan_data/musan/speech/us-gov/speech-us-gov-0016.wav,16000,1,9600104,600.006,PCM_16,,,,,,,speech-us-gov-0016,us-gov/u,,,
speech-us-gov-0017,speech,us-gov,/content/musan_data/musan/speech/us-gov/speech-us-gov-0017.wav,16000,1,9599687,599.98,PCM_16,,,,,,,speech-us-gov-0017,us-gov/u,,,
speech-us-gov-0018,speech,us-gov,/content/musan_data/musan/speech/us-gov/speech-us-gov-0018.wav,16000,1,9599269,599.954,PCM_16,,,,,,,speech-us-gov-0018,us-gov/u,,,
speech-us-gov-0019,speech,us-gov,/content/musan_data/musan/speech/us-gov/speech-us-gov-0019.wav,16000,1,9599687,599.98,PCM_16,,,,,,,speech-us-gov-0019,us-gov/u,,,
speech-us-gov-0020,speech,us-gov,/content/musan_data/musan/speech/us-gov/speech-us-gov-0020.wav,16000,1,8578194,536.137,PCM_16,,,,,,,speech-us-gov-0020,us-gov/u,,,
speech-us-gov-0021,speech,us-gov,/content/musan_data/musan/speech/us-gov/speech-us-gov-0021.wav,16000,1,9600104,600.006,PCM_16,,,,,,,speech-us-gov-0021,us-gov/u,,,
speech-us-gov-0022,speech,us-gov,/content/musan_data/musan/speech/us-gov/speech-us-gov-0022.wav,16000,1,9599687,599.98,PCM_16,,,,,,,speech-us-gov-0022,us-gov/u,,,
speech-us-gov-0023,speech,us-gov,/content/musan_data/musan/speech/us-gov/speech-us-gov-0023.wav,16000,1,9600104,600.006,PCM_16,,,,,,,speech-us-gov-0023,us-gov/u,,,
speech-us-gov-0024,speech,us-gov,/content/musan_data/musan/speech/us-gov/speech-us-gov-0024.wav,16000,1,9599269,599.954,PCM_16,,,,,,,speech-us-gov-0024,us-gov/u,,,
speech-us-gov-0025,speech,us-gov,/content/musan_data/musan/speech/us-gov/speech-us-gov-0025.wav,16000,1,9600104,600.006,PCM_16,,,,,,,speech-us-gov-0025,us-gov/u,,,
speech-us-gov-0026,speech,us-gov,/content/musan_data/musan/speech/us-gov/speech-us-gov-0026.wav,16000,1,9600104,600.006,PCM_16,,,,,,,speech-us-gov-0026,us-gov/u,,,
speech-us-gov-0027,speech,us-gov,/content/musan_data/musan/speech/us-gov/speech-us-gov-0027.wav,16000,1,9599687,599.98,PCM_16,,,,,,,speech-us-gov-0027,us-gov/u,,,
speech-us-gov-0028,speech,us-gov,/content/musan_data/musan/speech/us-gov/speech-us-gov-0028.wav,16000,1,9599687,599.98,PCM_16,,,,,,,speech-us-gov-0028,us-gov/u,,,
speech-us-gov-0029,speech,us-gov,/content/musan_data/musan/speech/us-gov/speech-us-gov-0029.wav,16000,1,9599687,599.98,PCM_16,,,,,,,speech-us-gov-0029,us-gov/u,,,
speech-us-gov-0030,speech,us-gov,/content/musan_data/musan/speech/us-gov/speech-us-gov-0030.wav,16000,1,9600104,600.006,PCM_16,,,,,,,speech-us-gov-0030,us-gov/u,,,
speech-us-gov-0031,speech,us-gov,/content/musan_data/musan/speech/us-gov/speech-us-gov-0031.wav,16000,1,9599687,599.98,PCM_16,,,,,,,speech-us-gov-0031,us-gov/u,,,
speech-us-gov-0032,speech,us-gov,/content/musan_data/musan/speech/us-gov/speech-us-gov-0032.wav,16000,1,9085179,567.824,PCM_16,,,,,,,speech-us-gov-0032,us-gov/u,,,
speech-us-gov-0033,speech,us-gov,/content/musan_data/musan/speech/us-gov/speech-us-gov-0033.wav,16000,1,9600104,600.006,PCM_16,,,,,,,speech-us-gov-0033,us-gov/u,,,
speech-us-gov-0034,speech,us-gov,/content/musan_data/musan/speech/us-gov/speech-us-gov-0034.wav,16000,1,9599687,599.98,PCM_16,,,,,,,speech-us-gov-0034,us-gov/u,,,
speech-us-gov-0035,speech,us-gov,/content/musan_data/musan/speech/us-gov/speech-us-gov-0035.wav,16000,1,9599687,599.98,PCM_16,,,,,,,speech-us-gov-0035,us-gov/u,,,
speech-us-gov-0036,speech,us-gov,/content/musan_data/musan/speech/us-gov/speech-us-gov-0036.wav,16000,1,9599269,599.954,PCM_16,,,,,,,speech-us-gov-0036,us-gov/u,,,
speech-us-gov-0037,speech,us-gov,/content/musan_data/musan/speech/us-gov/speech-us-gov-0037.wav,16000,1,9599687,599.98,PCM_16,,,,,,,speech-us-gov-0037,us-gov/u,,,
speech-us-gov-0038,speech,us-gov,/content/musan_data/musan/speech/us-gov/speech-us-gov-0038.wav,16000,1,9599687,599.98,PCM_16,,,,,,,speech-us-gov-0038,us-gov/u,,,
speech-us-gov-0039,speech,us-gov,/content/musan_data/musan/speech/us-gov/speech-us-gov-0039.wav,16000,1,9599269,599.954,PCM_16,,,,,,,speech-us-gov-0039,us-gov/u,,,
speech-us-gov-0040,speech,us-gov,/content/musan_data/musan/speech/us-gov/speech-us-gov-0040.wav,16000,1,9599269,599.954,PCM_16,,,,,,,speech-us-gov-0040,us-gov/u,,,
speech-us-gov-0041,speech,us-gov,/content/musan_data/musan/speech/us-gov/speech-us-gov-0041.wav,16000,1,9599687,599.98,PCM_16,,,,,,,speech-us-gov-0041,us-gov/u,,,
speech-us-gov-0042,speech,us-gov,/content/musan_data/musan/speech/us-gov/speech-us-gov-0042.wav,16000,1,9599687,599.98,PCM_16,,,,,,,speech-us-gov-0042,us-gov/u,,,
speech-us-gov-0043,speech,us-gov,/content/musan_data/musan/speech/us-gov/speech-us-gov-0043.wav,16000,1,9600104,600.006,PCM_16,,,,,,,speech-us-gov-0043,us-gov/u,,,
speech-us-gov-0044,speech,us-gov,/content/musan_data/musan/speech/us-gov/speech-us-gov-0044.wav,16000,1,9598851,599.928,PCM_16,,,,,,,speech-us-gov-0044,us-gov/u,,,
speech-us-gov-0045,speech,us-gov,/content/musan_data/musan/speech/us-gov/speech-us-gov-0045.wav,16000,1,9599687,599.98,PCM_16,,,,,,,speech-us-gov-0045,us-gov/u,,,
speech-us-gov-0046,speech,us-gov,/content/musan_data/musan/speech/us-gov/speech-us-gov-0046.wav,16000,1,9599687,599.98,PCM_16,,,,,,,speech-us-gov-0046,us-gov/u,,,
speech-us-gov-0047,speech,us-gov,/content/musan_data/musan/speech/us-gov/speech-us-gov-0047.wav,16000,1,8835657,552.229,PCM_16,,,,,,,speech-us-gov-0047,us-gov/u,,,
speech-us-gov-0048,speech,us-gov,/content/musan_data/musan/speech/us-gov/speech-us-gov-0048.wav,16000,1,9600104,600.006,PCM_16,,,,,,,speech-us-gov-0048,us-gov/u,,,
speech-us-gov-0049,speech,us-gov,/content/musan_data/musan/speech/us-gov/speech-us-gov-0049.wav,16000,1,9599687,599.98,PCM_16,,,,,,,speech-us-gov-0049,us-gov/u,,,
speech-us-gov-0050,speech,us-gov,/content/musan_data/musan/speech/us-gov/speech-us-gov-0050.wav,16000,1,9600104,600.006,PCM_16,,,,,,,speech-us-gov-0050,us-gov/u,,,
speech-us-gov-0051,speech,us-gov,/content/musan_data/musan/speech/us-gov/speech-us-gov-0051.wav,16000,1,9599269,599.954,PCM_16,,,,,,,speech-us-gov-0051,us-gov/u,,,
speech-us-gov-0052,speech,us-gov,/content/musan_data/musan/speech/us-gov/speech-us-gov-0052.wav,16000,1,9600104,600.006,PCM_16,,,,,,,speech-us-gov-0052,us-gov/u,,,
speech-us-gov-0053,speech,us-gov,/content/musan_data/musan/speech/us-gov/speech-us-gov-0053.wav,16000,1,9599687,599.98,PCM_16,,,,,,,speech-us-gov-0053,us-gov/u,,,
speech-us-gov-0054,speech,us-gov,/content/musan_data/musan/speech/us-gov/speech-us-gov-0054.wav,16000,1,9599687,599.98,PCM_16,,,,,,,speech-us-gov-0054,us-gov/u,,,
speech-us-gov-0055,speech,us-gov,/content/musan_data/musan/speech/us-gov/speech-us-gov-0055.wav,16000,1,9599269,599.954,PCM_16,,,,,,,speech-us-gov-0055,us-gov/u,,,
speech-us-gov-0056,speech,us-gov,/content/musan_data/musan/speech/us-gov/speech-us-gov-0056.wav,16000,1,9600104,600.006,PCM_16,,,,,,,speech-us-gov-0056,us-gov/u,,,
speech-us-gov-0057,speech,us-gov,/content/musan_data/musan/speech/us-gov/speech-us-gov-0057.wav,16000,1,6192483,387.03,PCM_16,,,,,,,speech-us-gov-0057,us-gov/u,,,
speech-us-gov-0058,speech,us-gov,/content/musan_data/musan/speech/us-gov/speech-us-gov-0058.wav,16000,1,9600104,600.006,PCM_16,,,,,,,speech-us-gov-0058,us-gov/u,,,
speech-us-gov-0059,speech,us-gov,/content/musan_data/musan/speech/us-gov/speech-us-gov-0059.wav,16000,1,9599687,599.98,PCM_16,,,,,,,speech-us-gov-0059,us-gov/u,,,
speech-us-gov-0060,speech,us-gov,/content/musan_data/musan/speech/us-gov/speech-us-gov-0060.wav,16000,1,9599687,599.98,PCM_16,,,,,,,speech-us-gov-0060,us-gov/u,,,
speech-us-gov-0061,speech,us-gov,/content/musan_data/musan/speech/us-gov/speech-us-gov-0061.wav,16000,1,9599269,599.954,PCM_16,,,,,,,speech-us-gov-0061,us-gov/u,,,
speech-us-gov-0062,speech,us-gov,/content/musan_data/musan/speech/us-gov/speech-us-gov-0062.wav,16000,1,9600104,600.006,PCM_16,,,,,,,speech-us-gov-0062,us-gov/u,,,
speech-us-gov-0063,speech,us-gov,/content/musan_data/musan/speech/us-gov/speech-us-gov-0063.wav,16000,1,9600104,600.006,PCM_16,,,,,,,speech-us-gov-0063,us-gov/u,,,
speech-us-gov-0064,speech,us-gov,/content/musan_data/musan/speech/us-gov/speech-us-gov-0064.wav,16000,1,9600104,600.006,PCM_16,,,,,,,speech-us-gov-0064,us-gov/u,,,
speech-us-gov-0065,speech,us-gov,/content/musan_data/musan/speech/us-gov/speech-us-gov-0065.wav,16000,1,9599687,599.98,PCM_16,,,,,,,speech-us-gov-0065,us-gov/u,,,
speech-us-gov-0066,speech,us-gov,/content/musan_data/musan/speech/us-gov/speech-us-gov-0066.wav,16000,1,9599687,599.98,PCM_16,,,,,,,speech-us-gov-0066,us-gov/u,,,
speech-us-gov-0067,speech,us-gov,/content/musan_data/musan/speech/us-gov/speech-us-gov-0067.wav,16000,1,2524056,157.754,PCM_16,,,,,,,speech-us-gov-0067,us-gov/u,,,
speech-us-gov-0068,speech,us-gov,/content/musan_data/musan/speech/us-gov/speech-us-gov-0068.wav,16000,1,9600104,600.006,PCM_16,,,,,,,speech-us-gov-0068,us-gov/u,,,
speech-us-gov-0069,speech,us-gov,/content/musan_data/musan/speech/us-gov/speech-us-gov-0069.wav,16000,1,9599687,599.98,PCM_16,,,,,,,speech-us-gov-0069,us-gov/u,,,
speech-us-gov-0070,speech,us-gov,/content/musan_data/musan/speech/us-gov/speech-us-gov-0070.wav,16000,1,9599269,599.954,PCM_16,,,,,,,speech-us-gov-0070,us-gov/u,,,
speech-us-gov-0071,speech,us-gov,/content/musan_data/musan/speech/us-gov/speech-us-gov-0071.wav,16000,1,9599269,599.954,PCM_16,,,,,,,speech-us-gov-0071,us-gov/u,,,
speech-us-gov-0072,speech,us-gov,/content/musan_data/musan/speech/us-gov/speech-us-gov-0072.wav,16000,1,9599269,599.954,PCM_16,,,,,,,speech-us-gov-0072,us-gov/u,,,
speech-us-gov-0073,speech,us-gov,/content/musan_data/musan/speech/us-gov/speech-us-gov-0073.wav,16000,1,9599687,599.98,PCM_16,,,,,,,speech-us-gov-0073,us-gov/u,,,
speech-us-gov-0074,speech,us-gov,/content/musan_data/musan/speech/us-gov/speech-us-gov-0074.wav,16000,1,9599687,599.98,PCM_16,,,,,,,speech-us-gov-0074,us-gov/u,,,
speech-us-gov-0075,speech,us-gov,/content/musan_data/musan/speech/us-gov/speech-us-gov-0075.wav,16000,1,9599269,599.954,PCM_16,,,,,,,speech-us-gov-0075,us-gov/u,,,
speech-us-gov-0076,speech,us-gov,/content/musan_data/musan/speech/us-gov/speech-us-gov-0076.wav,16000,1,9600104,600.006,PCM_16,,,,,,,speech-us-gov-0076,us-gov/u,,,
speech-us-gov-0077,speech,us-gov,/content/musan_data/musan/speech/us-gov/speech-us-gov-0077.wav,16000,1,9600104,600.006,PCM_16,,,,,,,speech-us-gov-0077,us-gov/u,,,
speech-us-gov-0078,speech,us-gov,/content/musan_data/musan/speech/us-gov/speech-us-gov-0078.wav,16000,1,9599687,599.98,PCM_16,,,,,,,speech-us-gov-0078,us-gov/u,,,
speech-us-gov-0079,speech,us-gov,/content/musan_data/musan/speech/us-gov/speech-us-gov-0079.wav,16000,1,9598851,599.928,PCM_16,,,,,,,speech-us-gov-0079,us-gov/u,,,
speech-us-gov-0080,speech,us-gov,/content/musan_data/musan/speech/us-gov/speech-us-gov-0080.wav,16000,1,9599269,599.954,PCM_16,,,,,,,speech-us-gov-0080,us-gov/u,,,
speech-us-gov-0081,speech,us-gov,/content/musan_data/musan/speech/us-gov/speech-us-gov-0081.wav,16000,1,9599687,599.98,PCM_16,,,,,,,speech-us-gov-0081,us-gov/u,,,
speech-us-gov-0082,speech,us-gov,/content/musan_data/musan/speech/us-gov/speech-us-gov-0082.wav,16000,1,3439386,214.962,PCM_16,,,,,,,speech-us-gov-0082,us-gov/u,,,
speech-us-gov-0083,speech,us-gov,/content/musan_data/musan/speech/us-gov/speech-us-gov-0083.wav,16000,1,9600104,600.006,PCM_16,,,,,,,speech-us-gov-0083,us-gov/u,,,
speech-us-gov-0084,speech,us-gov,/content/musan_data/musan/speech/us-gov/speech-us-gov-0084.wav,16000,1,9599687,599.98,PCM_16,,,,,,,speech-us-gov-0084,us-gov/u,,,
speech-us-gov-0085,speech,us-gov,/content/musan_data/musan/speech/us-gov/speech-us-gov-0085.wav,16000,1,9599687,599.98,PCM_16,,,,,,,speech-us-gov-0085,us-gov/u,,,
speech-us-gov-0086,speech,us-gov,/content/musan_data/musan/speech/us-gov/speech-us-gov-0086.wav,16000,1,9599269,599.954,PCM_16,,,,,,,speech-us-gov-0086,us-gov/u,,,
speech-us-gov-0087,speech,us-gov,/content/musan_data/musan/speech/us-gov/speech-us-gov-0087.wav,16000,1,9599687,599.98,PCM_16,,,,,,,speech-us-gov-0087,us-gov/u,,,
speech-us-gov-0088,speech,us-gov,/content/musan_data/musan/speech/us-gov/speech-us-gov-0088.wav,16000,1,9599687,599.98,PCM_16,,,,,,,speech-us-gov-0088,us-gov/u,,,
speech-us-gov-0089,speech,us-gov,/content/musan_data/musan/speech/us-gov/speech-us-gov-0089.wav,16000,1,9599687,599.98,PCM_16,,,,,,,speech-us-gov-0089,us-gov/u,,,
speech-us-gov-0090,speech,us-gov,/content/musan_data/musan/speech/us-gov/speech-us-gov-0090.wav,16000,1,5881940,367.621,PCM_16,,,,,,,speech-us-gov-0090,us-gov/u,,,
speech-us-gov-0091,speech,us-gov,/content/musan_data/musan/speech/us-gov/speech-us-gov-0091.wav,16000,1,8833567,552.098,PCM_16,,,,,,,speech-us-gov-0091,us-gov/u,,,
speech-us-gov-0092,speech,us-gov,/content/musan_data/musan/speech/us-gov/speech-us-gov-0092.wav,16000,1,9600104,600.006,PCM_16,,,,,,,speech-us-gov-0092,us-gov/u,,,
speech-us-gov-0093,speech,us-gov,/content/musan_data/musan/speech/us-gov/speech-us-gov-0093.wav,16000,1,9599687,599.98,PCM_16,,,,,,,speech-us-gov-0093,us-gov/u,,,
speech-us-gov-0094,speech,us-gov,/content/musan_data/musan/speech/us-gov/speech-us-gov-0094.wav,16000,1,9599687,599.98,PCM_16,,,,,,,speech-us-gov-0094,us-gov/u,,,
speech-us-gov-0095,speech,us-gov,/content/musan_data/musan/speech/us-gov/speech-us-gov-0095.wav,16000,1,9598851,599.928,PCM_16,,,,,,,speech-us-gov-0095,us-gov/u,,,
speech-us-gov-0096,speech,us-gov,/content/musan_data/musan/speech/us-gov/speech-us-gov-0096.wav,16000,1,9599687,599.98,PCM_16,,,,,,,speech-us-gov-0096,us-gov/u,,,
speech-us-gov-0097,speech,us-gov,/content/musan_data/musan/speech/us-gov/speech-us-gov-0097.wav,16000,1,9599269,599.954,PCM_16,,,,,,,speech-us-gov-0097,us-gov/u,,,
speech-us-gov-0098,speech,us-gov,/content/musan_data/musan/speech/us-gov/speech-us-gov-0098.wav,16000,1,9599269,599.954,PCM_16,,,,,,,speech-us-gov-0098,us-gov/u,,,
speech-us-gov-0099,speech,us-gov,/content/musan_data/musan/speech/us-gov/speech-us-gov-0099.wav,16000,1,9599687,599.98,PCM_16,,,,,,,speech-us-gov-0099,us-gov/u,,,
speech-us-gov-0100,speech,us-gov,/content/musan_data/musan/speech/us-gov/speech-us-gov-0100.wav,16000,1,9599269,599.954,PCM_16,,,,,,,speech-us-gov-0100,us-gov/u,,,
speech-us-gov-0101,speech,us-gov,/content/musan_data/musan/speech/us-gov/speech-us-gov-0101.wav,16000,1,9599269,599.954,PCM_16,,,,,,,speech-us-gov-0101,us-gov/u,,,
speech-us-gov-0102,speech,us-gov,/content/musan_data/musan/speech/us-gov/speech-us-gov-0102.wav,16000,1,9599269,599.954,PCM_16,,,,,,,speech-us-gov-0102,us-gov/u,,,
speech-us-gov-0103,speech,us-gov,/content/musan_data/musan/speech/us-gov/speech-us-gov-0103.wav,16000,1,8407667,525.479,PCM_16,,,,,,,speech-us-gov-0103,us-gov/u,,,
speech-us-gov-0104,speech,us-gov,/content/musan_data/musan/speech/us-gov/speech-us-gov-0104.wav,16000,1,9616816,601.051,PCM_16,,,,,,,speech-us-gov-0104,us-gov/u,,,
speech-us-gov-0105,speech,us-gov,/content/musan_data/musan/speech/us-gov/speech-us-gov-0105.wav,16000,1,9498958,593.685,PCM_16,,,,,,,speech-us-gov-0105,us-gov/u,,,
speech-us-gov-0106,speech,us-gov,/content/musan_data/musan/speech/us-gov/speech-us-gov-0106.wav,16000,1,9457162,591.073,PCM_16,,,,,,,speech-us-gov-0106,us-gov/u,,,
speech-us-gov-0107,speech,us-gov,/content/musan_data/musan/speech/us-gov/speech-us-gov-0107.wav,16000,1,10149720,634.357,PCM_16,,,,,,,speech-us-gov-0107,us-gov/u,,,
speech-us-gov-0108,speech,us-gov,/content/musan_data/musan/speech/us-gov/speech-us-gov-0108.wav,16000,1,9202626,575.164,PCM_16,,,,,,,speech-us-gov-0108,us-gov/u,,,
speech-us-gov-0109,speech,us-gov,/content/musan_data/musan/speech/us-gov/speech-us-gov-0109.wav,16000,1,314724,19.67,PCM_16,,,,,,,speech-us-gov-0109,us-gov/u,,,
speech-us-gov-0110,speech,us-gov,/content/musan_data/musan/speech/us-gov/speech-us-gov-0110.wav,16000,1,9600096,600.006,PCM_16,,,,,,,speech-us-gov-0110,us-gov/u,,,
speech-us-gov-0111,speech,us-gov,/content/musan_data/musan/speech/us-gov/speech-us-gov-0111.wav,16000,1,6741682,421.355,PCM_16,,,,,,,speech-us-gov-0111,us-gov/u,,,
speech-us-gov-0112,speech,us-gov,/content/musan_data/musan/speech/us-gov/speech-us-gov-0112.wav,16000,1,9600512,600.032,PCM_16,,,,,,,speech-us-gov-0112,us-gov/u,,,
speech-us-gov-0113,speech,us-gov,/content/musan_data/musan/speech/us-gov/speech-us-gov-0113.wav,16000,1,9600512,600.032,PCM_16,,,,,,,speech-us-gov-0113,us-gov/u,,,
speech-us-gov-0114,speech,us-gov,/content/musan_data/musan/speech/us-gov/speech-us-gov-0114.wav,16000,1,9600096,600.006,PCM_16,,,,,,,speech-us-gov-0114,us-gov/u,,,
speech-us-gov-0115,speech,us-gov,/content/musan_data/musan/speech/us-gov/speech-us-gov-0115.wav,16000,1,9599686,599.98,PCM_16,,,,,,,speech-us-gov-0115,us-gov/u,,,
speech-us-gov-0116,speech,us-gov,/content/musan_data/musan/speech/us-gov/speech-us-gov-0116.wav,16000,1,9600104,600.006,PCM_16,,,,,,,speech-us-gov-0116,us-gov/u,,,
speech-us-gov-0117,speech,us-gov,/content/musan_data/musan/speech/us-gov/speech-us-gov-0117.wav,16000,1,9600104,600.006,PCM_16,,,,,,,speech-us-gov-0117,us-gov/u,,,
speech-us-gov-0118,speech,us-gov,/content/musan_data/musan/speech/us-gov/speech-us-gov-0118.wav,16000,1,9600096,600.006,PCM_16,,,,,,,speech-us-gov-0118,us-gov/u,,,
speech-us-gov-0119,speech,us-gov,/content/musan_data/musan/speech/us-gov/speech-us-gov-0119.wav,16000,1,9600104,600.006,PCM_16,,,,,,,speech-us-gov-0119,us-gov/u,,,
speech-us-gov-0120,speech,us-gov,/content/musan_data/musan/speech/us-gov/speech-us-gov-0120.wav,16000,1,9599686,599.98,PCM_16,,,,,,,speech-us-gov-0120,us-gov/u,,,
speech-us-gov-0121,speech,us-gov,/content/musan_data/musan/speech/us-gov/speech-us-gov-0121.wav,16000,1,9600104,600.006,PCM_16,,,,,,,speech-us-gov-0121,us-gov/u,,,
speech-us-gov-0122,speech,us-gov,/content/musan_data/musan/speech/us-gov/speech-us-gov-0122.wav,16000,1,9600096,600.006,PCM_16,,,,,,,speech-us-gov-0122,us-gov/u,,,
speech-us-gov-0123,speech,us-gov,/content/musan_data/musan/speech/us-gov/speech-us-gov-0123.wav,16000,1,9600104,600.006,PCM_16,,,,,,,speech-us-gov-0123,us-gov/u,,,
speech-us-gov-0124,speech,us-gov,/content/musan_data/musan/speech/us-gov/speech-us-gov-0124.wav,16000,1,9600104,600.006,PCM_16,,,,,,,speech-us-gov-0124,us-gov/u,,,
speech-us-gov-0125,speech,us-gov,/content/musan_data/musan/speech/us-gov/speech-us-gov-0125.wav,16000,1,9600512,600.032,PCM_16,,,,,,,speech-us-gov-0125,us-gov/u,,,
speech-us-gov-0126,speech,us-gov,/content/musan_data/musan/speech/us-gov/speech-us-gov-0126.wav,16000,1,9600096,600.006,PCM_16,,,,,,,speech-us-gov-0126,us-gov/u,,,
speech-us-gov-0127,speech,us-gov,/content/musan_data/musan/speech/us-gov/speech-us-gov-0127.wav,16000,1,9600512,600.032,PCM_16,,,,,,,speech-us-gov-0127,us-gov/u,,,
speech-us-gov-0128,speech,us-gov,/content/musan_data/musan/speech/us-gov/speech-us-gov-0128.wav,16000,1,9600512,600.032,PCM_16,,,,,,,speech-us-gov-0128,us-gov/u,,,
speech-us-gov-0129,speech,us-gov,/content/musan_data/musan/speech/us-gov/speech-us-gov-0129.wav,16000,1,9600104,600.006,PCM_16,,,,,,,speech-us-gov-0129,us-gov/u,,,
speech-us-gov-0130,speech,us-gov,/content/musan_data/musan/speech/us-gov/speech-us-gov-0130.wav,16000,1,852636,53.29,PCM_16,,,,,,,speech-us-gov-0130,us-gov/u,,,
speech-us-gov-0131,speech,us-gov,/content/musan_data/musan/speech/us-gov/speech-us-gov-0131.wav,16000,1,9600104,600.006,PCM_16,,,,,,,speech-us-gov-0131,us-gov/u,,,
speech-us-gov-0132,speech,us-gov,/content/musan_data/musan/speech/us-gov/speech-us-gov-0132.wav,16000,1,9223524,576.47,PCM_16,,,,,,,speech-us-gov-0132,us-gov/u,,,
speech-us-gov-0133,speech,us-gov,/content/musan_data/musan/speech/us-gov/speech-us-gov-0133.wav,16000,1,10372912,648.307,PCM_16,,,,,,,speech-us-gov-0133,us-gov/u,,,
speech-us-gov-0134,speech,us-gov,/content/musan_data/musan/speech/us-gov/speech-us-gov-0134.wav,16000,1,9379840,586.24,PCM_16,,,,,,,speech-us-gov-0134,us-gov/u,,,
speech-us-gov-0135,speech,us-gov,/content/musan_data/musan/speech/us-gov/speech-us-gov-0135.wav,16000,1,9352254,584.516,PCM_16,,,,,,,speech-us-gov-0135,us-gov/u,,,
speech-us-gov-0136,speech,us-gov,/content/musan_data/musan/speech/us-gov/speech-us-gov-0136.wav,16000,1,10059860,628.741,PCM_16,,,,,,,speech-us-gov-0136,us-gov/u,,,
speech-us-gov-0137,speech,us-gov,/content/musan_data/musan/speech/us-gov/speech-us-gov-0137.wav,16000,1,8863242,553.953,PCM_16,,,,,,,speech-us-gov-0137,us-gov/u,,,
speech-us-gov-0138,speech,us-gov,/content/musan_data/musan/speech/us-gov/speech-us-gov-0138.wav,16000,1,9942414,621.401,PCM_16,,,,,,,speech-us-gov-0138,us-gov/u,,,
speech-us-gov-0139,speech,us-gov,/content/musan_data/musan/speech/us-gov/speech-us-gov-0139.wav,16000,1,9551622,596.976,PCM_16,,,,,,,speech-us-gov-0139,us-gov/u,,,
speech-us-gov-0140,speech,us-gov,/content/musan_data/musan/speech/us-gov/speech-us-gov-0140.wav,16000,1,9098554,568.66,PCM_16,,,,,,,speech-us-gov-0140,us-gov/u,,,
speech-us-gov-0141,speech,us-gov,/content/musan_data/musan/speech/us-gov/speech-us-gov-0141.wav,16000,1,9599686,599.98,PCM_16,,,,,,,speech-us-gov-0141,us-gov/u,,,
speech-us-gov-0142,speech,us-gov,/content/musan_data/musan/speech/us-gov/speech-us-gov-0142.wav,16000,1,9598850,599.928,PCM_16,,,,,,,speech-us-gov-0142,us-gov/u,,,
speech-us-gov-0143,speech,us-gov,/content/musan_data/musan/speech/us-gov/speech-us-gov-0143.wav,16000,1,9598850,599.928,PCM_16,,,,,,,speech-us-gov-0143,us-gov/u,,,
speech-us-gov-0144,speech,us-gov,/content/musan_data/musan/speech/us-gov/speech-us-gov-0144.wav,16000,1,9599168,599.948,PCM_16,,,,,,,speech-us-gov-0144,us-gov/u,,,
speech-us-gov-0145,speech,us-gov,/content/musan_data/musan/speech/us-gov/speech-us-gov-0145.wav,16000,1,9599268,599.954,PCM_16,,,,,,,speech-us-gov-0145,us-gov/u,,,
speech-us-gov-0146,speech,us-gov,/content/musan_data/musan/speech/us-gov/speech-us-gov-0146.wav,16000,1,9599268,599.954,PCM_16,,,,,,,speech-us-gov-0146,us-gov/u,,,
speech-us-gov-0147,speech,us-gov,/content/musan_data/musan/speech/us-gov/speech-us-gov-0147.wav,16000,1,3454014,215.876,PCM_16,,,,,,,speech-us-gov-0147,us-gov/u,,,
speech-us-gov-0148,speech,us-gov,/content/musan_data/musan/speech/us-gov/speech-us-gov-0148.wav,16000,1,9599686,599.98,PCM_16,,,,,,,speech-us-gov-0148,us-gov/u,,,
speech-us-gov-0149,speech,us-gov,/content/musan_data/musan/speech/us-gov/speech-us-gov-0149.wav,16000,1,9598850,599.928,PCM_16,,,,,,,speech-us-gov-0149,us-gov/u,,,
speech-us-gov-0150,speech,us-gov,/content/musan_data/musan/speech/us-gov/speech-us-gov-0150.wav,16000,1,9598432,599.902,PCM_16,,,,,,,speech-us-gov-0150,us-gov/u,,,
speech-us-gov-0151,speech,us-gov,/content/musan_data/musan/speech/us-gov/speech-us-gov-0151.wav,16000,1,9598850,599.928,PCM_16,,,,,,,speech-us-gov-0151,us-gov/u,,,
speech-us-gov-0152,speech,us-gov,/content/musan_data/musan/speech/us-gov/speech-us-gov-0152.wav,16000,1,9599268,599.954,PCM_16,,,,,,,speech-us-gov-0152,us-gov/u,,,
speech-us-gov-0153,speech,us-gov,/content/musan_data/musan/speech/us-gov/speech-us-gov-0153.wav,16000,1,9598850,599.928,PCM_16,,,,,,,speech-us-gov-0153,us-gov/u,,,
speech-us-gov-0154,speech,us-gov,/content/musan_data/musan/speech/us-gov/speech-us-gov-0154.wav,16000,1,9598850,599.928,PCM_16,,,,,,,speech-us-gov-0154,us-gov/u,,,
speech-us-gov-0155,speech,us-gov,/content/musan_data/musan/speech/us-gov/speech-us-gov-0155.wav,16000,1,9599168,599.948,PCM_16,,,,,,,speech-us-gov-0155,us-gov/u,,,
speech-us-gov-0156,speech,us-gov,/content/musan_data/musan/speech/us-gov/speech-us-gov-0156.wav,16000,1,9599268,599.954,PCM_16,,,,,,,speech-us-gov-0156,us-gov/u,,,
speech-us-gov-0157,speech,us-gov,/content/musan_data/musan/speech/us-gov/speech-us-gov-0157.wav,16000,1,9599268,599.954,PCM_16,,,,,,,speech-us-gov-0157,us-gov/u,,,
speech-us-gov-0158,speech,us-gov,/content/musan_data/musan/speech/us-gov/speech-us-gov-0158.wav,16000,1,9598850,599.928,PCM_16,,,,,,,speech-us-gov-0158,us-gov/u,,,
speech-us-gov-0159,speech,us-gov,/content/musan_data/musan/speech/us-gov/speech-us-gov-0159.wav,16000,1,2782354,173.897,PCM_16,,,,,,,speech-us-gov-0159,us-gov/u,,,
speech-us-gov-0160,speech,us-gov,/content/musan_data/musan/speech/us-gov/speech-us-gov-0160.wav,16000,1,9599686,599.98,PCM_16,,,,,,,speech-us-gov-0160,us-gov/u,,,
speech-us-gov-0161,speech,us-gov,/content/musan_data/musan/speech/us-gov/speech-us-gov-0161.wav,16000,1,9599268,599.954,PCM_16,,,,,,,speech-us-gov-0161,us-gov/u,,,
speech-us-gov-0162,speech,us-gov,/content/musan_data/musan/speech/us-gov/speech-us-gov-0162.wav,16000,1,9598850,599.928,PCM_16,,,,,,,speech-us-gov-0162,us-gov/u,,,
speech-us-gov-0163,speech,us-gov,/content/musan_data/musan/speech/us-gov/speech-us-gov-0163.wav,16000,1,9599168,599.948,PCM_16,,,,,,,speech-us-gov-0163,us-gov/u,,,
speech-us-gov-0164,speech,us-gov,/content/musan_data/musan/speech/us-gov/speech-us-gov-0164.wav,16000,1,9599268,599.954,PCM_16,,,,,,,speech-us-gov-0164,us-gov/u,,,
speech-us-gov-0165,speech,us-gov,/content/musan_data/musan/speech/us-gov/speech-us-gov-0165.wav,16000,1,9599268,599.954,PCM_16,,,,,,,speech-us-gov-0165,us-gov/u,,,
speech-us-gov-0166,speech,us-gov,/content/musan_data/musan/speech/us-gov/speech-us-gov-0166.wav,16000,1,9598850,599.928,PCM_16,,,,,,,speech-us-gov-0166,us-gov/u,,,
speech-us-gov-0167,speech,us-gov,/content/musan_data/musan/speech/us-gov/speech-us-gov-0167.wav,16000,1,9599168,599.948,PCM_16,,,,,,,speech-us-gov-0167,us-gov/u,,,
speech-us-gov-0168,speech,us-gov,/content/musan_data/musan/speech/us-gov/speech-us-gov-0168.wav,16000,1,9599268,599.954,PCM_16,,,,,,,speech-us-gov-0168,us-gov/u,,,
speech-us-gov-0169,speech,us-gov,/content/musan_data/musan/speech/us-gov/speech-us-gov-0169.wav,16000,1,9599268,599.954,PCM_16,,,,,,,speech-us-gov-0169,us-gov/u,,,
speech-us-gov-0170,speech,us-gov,/content/musan_data/musan/speech/us-gov/speech-us-gov-0170.wav,16000,1,9598850,599.928,PCM_16,,,,,,,speech-us-gov-0170,us-gov/u,,,
speech-us-gov-0171,speech,us-gov,/content/musan_data/musan/speech/us-gov/speech-us-gov-0171.wav,16000,1,9599168,599.948,PCM_16,,,,,,,speech-us-gov-0171,us-gov/u,,,
speech-us-gov-0172,speech,us-gov,/content/musan_data/musan/speech/us-gov/speech-us-gov-0172.wav,16000,1,9599268,599.954,PCM_16,,,,,,,speech-us-gov-0172,us-gov/u,,,
speech-us-gov-0173,speech,us-gov,/content/musan_data/musan/speech/us-gov/speech-us-gov-0173.wav,16000,1,9599268,599.954,PCM_16,,,,,,,speech-us-gov-0173,us-gov/u,,,
speech-us-gov-0174,speech,us-gov,/content/musan_data/musan/speech/us-gov/speech-us-gov-0174.wav,16000,1,9598432,599.902,PCM_16,,,,,,,speech-us-gov-0174,us-gov/u,,,
speech-us-gov-0175,speech,us-gov,/content/musan_data/musan/speech/us-gov/speech-us-gov-0175.wav,16000,1,9599168,599.948,PCM_16,,,,,,,speech-us-gov-0175,us-gov/u,,,
speech-us-gov-0176,speech,us-gov,/content/musan_data/musan/speech/us-gov/speech-us-gov-0176.wav,16000,1,5582680,348.918,PCM_16,,,,,,,speech-us-gov-0176,us-gov/u,,,
speech-us-gov-0177,speech,us-gov,/content/musan_data/musan/speech/us-gov/speech-us-gov-0177.wav,16000,1,9599686,599.98,PCM_16,,,,,,,speech-us-gov-0177,us-gov/u,,,
speech-us-gov-0178,speech,us-gov,/content/musan_data/musan/speech/us-gov/speech-us-gov-0178.wav,16000,1,9599268,599.954,PCM_16,,,,,,,speech-us-gov-0178,us-gov/u,,,
speech-us-gov-0179,speech,us-gov,/content/musan_data/musan/speech/us-gov/speech-us-gov-0179.wav,16000,1,9598850,599.928,PCM_16,,,,,,,speech-us-gov-0179,us-gov/u,,,
speech-us-gov-0180,speech,us-gov,/content/musan_data/musan/speech/us-gov/speech-us-gov-0180.wav,16000,1,9599168,599.948,PCM_16,,,,,,,speech-us-gov-0180,us-gov/u,,,
speech-us-gov-0181,speech,us-gov,/content/musan_data/musan/speech/us-gov/speech-us-gov-0181.wav,16000,1,9599268,599.954,PCM_16,,,,,,,speech-us-gov-0181,us-gov/u,,,
speech-us-gov-0182,speech,us-gov,/content/musan_data/musan/speech/us-gov/speech-us-gov-0182.wav,16000,1,9599268,599.954,PCM_16,,,,,,,speech-us-gov-0182,us-gov/u,,,
speech-us-gov-0183,speech,us-gov,/content/musan_data/musan/speech/us-gov/speech-us-gov-0183.wav,16000,1,9598850,599.928,PCM_16,,,,,,,speech-us-gov-0183,us-gov/u,,,
speech-us-gov-0184,speech,us-gov,/content/musan_data/musan/speech/us-gov/speech-us-gov-0184.wav,16000,1,9598850,599.928,PCM_16,,,,,,,speech-us-gov-0184,us-gov/u,,,
speech-us-gov-0185,speech,us-gov,/content/musan_data/musan/speech/us-gov/speech-us-gov-0185.wav,16000,1,9598850,599.928,PCM_16,,,,,,,speech-us-gov-0185,us-gov/u,,,
speech-us-gov-0186,speech,us-gov,/content/musan_data/musan/speech/us-gov/speech-us-gov-0186.wav,16000,1,9599268,599.954,PCM_16,,,,,,,speech-us-gov-0186,us-gov/u,,,
speech-us-gov-0187,speech,us-gov,/content/musan_data/musan/speech/us-gov/speech-us-gov-0187.wav,16000,1,9598850,599.928,PCM_16,,,,,,,speech-us-gov-0187,us-gov/u,,,
speech-us-gov-0188,speech,us-gov,/content/musan_data/musan/speech/us-gov/speech-us-gov-0188.wav,16000,1,6222576,388.911,PCM_16,,,,,,,speech-us-gov-0188,us-gov/u,,,
speech-us-gov-0189,speech,us-gov,/content/musan_data/musan/speech/us-gov/speech-us-gov-0189.wav,16000,1,9599686,599.98,PCM_16,,,,,,,speech-us-gov-0189,us-gov/u,,,
speech-us-gov-0190,speech,us-gov,/content/musan_data/musan/speech/us-gov/speech-us-gov-0190.wav,16000,1,9159158,572.447,PCM_16,,,,,,,speech-us-gov-0190,us-gov/u,,,
speech-us-gov-0191,speech,us-gov,/content/musan_data/musan/speech/us-gov/speech-us-gov-0191.wav,16000,1,10038544,627.409,PCM_16,,,,,,,speech-us-gov-0191,us-gov/u,,,
speech-us-gov-0192,speech,us-gov,/content/musan_data/musan/speech/us-gov/speech-us-gov-0192.wav,16000,1,9599168,599.948,PCM_16,,,,,,,speech-us-gov-0192,us-gov/u,,,
speech-us-gov-0193,speech,us-gov,/content/musan_data/musan/speech/us-gov/speech-us-gov-0193.wav,16000,1,9456326,591.02,PCM_16,,,,,,,speech-us-gov-0193,us-gov/u,,,
speech-us-gov-0194,speech,us-gov,/content/musan_data/musan/speech/us-gov/speech-us-gov-0194.wav,16000,1,10028094,626.756,PCM_16,,,,,,,speech-us-gov-0194,us-gov/u,,,
speech-us-gov-0195,speech,us-gov,/content/musan_data/musan/speech/us-gov/speech-us-gov-0195.wav,16000,1,9312548,582.034,PCM_16,,,,,,,speech-us-gov-0195,us-gov/u,,,
speech-us-gov-0196,speech,us-gov,/content/musan_data/musan/speech/us-gov/speech-us-gov-0196.wav,16000,1,10004960,625.31,PCM_16,,,,,,,speech-us-gov-0196,us-gov/u,,,
speech-us-gov-0197,speech,us-gov,/content/musan_data/musan/speech/us-gov/speech-us-gov-0197.wav,16000,1,8897934,556.121,PCM_16,,,,,,,speech-us-gov-0197,us-gov/u,,,
speech-us-gov-0198,speech,us-gov,/content/musan_data/musan/speech/us-gov/speech-us-gov-0198.wav,16000,1,9814800,613.425,PCM_16,,,,,,,speech-us-gov-0198,us-gov/u,,,
speech-us-gov-0199,speech,us-gov,/content/musan_data/musan/speech/us-gov/speech-us-gov-0199.wav,16000,1,9677844,604.865,PCM_16,,,,,,,speech-us-gov-0199,us-gov/u,,,
speech-us-gov-0200,speech,us-gov,/content/musan_data/musan/speech/us-gov/speech-us-gov-0200.wav,16000,1,9599168,599.948,PCM_16,,,,,,,speech-us-gov-0200,us-gov/u,,,
speech-us-gov-0201,speech,us-gov,/content/musan_data/musan/speech/us-gov/speech-us-gov-0201.wav,16000,1,928288,58.018,PCM_16,,,,,,,speech-us-gov-0201,us-gov/u,,,
speech-us-gov-0202,speech,us-gov,/content/musan_data/musan/speech/us-gov/speech-us-gov-0202.wav,16000,1,9599686,599.98,PCM_16,,,,,,,speech-us-gov-0202,us-gov/u,,,
speech-us-gov-0203,speech,us-gov,/content/musan_data/musan/speech/us-gov/speech-us-gov-0203.wav,16000,1,9599268,599.954,PCM_16,,,,,,,speech-us-gov-0203,us-gov/u,,,
speech-us-gov-0204,speech,us-gov,/content/musan_data/musan/speech/us-gov/speech-us-gov-0204.wav,16000,1,9598850,599.928,PCM_16,,,,,,,speech-us-gov-0204,us-gov/u,,,
speech-us-gov-0205,speech,us-gov,/content/musan_data/musan/speech/us-gov/speech-us-gov-0205.wav,16000,1,9599168,599.948,PCM_16,,,,,,,speech-us-gov-0205,us-gov/u,,,
speech-us-gov-0206,speech,us-gov,/content/musan_data/musan/speech/us-gov/speech-us-gov-0206.wav,16000,1,9599268,599.954,PCM_16,,,,,,,speech-us-gov-0206,us-gov/u,,,
speech-us-gov-0207,speech,us-gov,/content/musan_data/musan/speech/us-gov/speech-us-gov-0207.wav,16000,1,9598850,599.928,PCM_16,,,,,,,speech-us-gov-0207,us-gov/u,,,
speech-us-gov-0208,speech,us-gov,/content/musan_data/musan/speech/us-gov/speech-us-gov-0208.wav,16000,1,9598850,599.928,PCM_16,,,,,,,speech-us-gov-0208,us-gov/u,,,
speech-us-gov-0209,speech,us-gov,/content/musan_data/musan/speech/us-gov/speech-us-gov-0209.wav,16000,1,9598850,599.928,PCM_16,,,,,,,speech-us-gov-0209,us-gov/u,,,
speech-us-gov-0210,speech,us-gov,/content/musan_data/musan/speech/us-gov/speech-us-gov-0210.wav,16000,1,1981544,123.847,PCM_16,,,,,,,speech-us-gov-0210,us-gov/u,,,
speech-us-gov-0211,speech,us-gov,/content/musan_data/musan/speech/us-gov/speech-us-gov-0211.wav,16000,1,9599936,599.996,PCM_16,,,,,,,speech-us-gov-0211,us-gov/u,,,
speech-us-gov-0212,speech,us-gov,/content/musan_data/musan/speech/us-gov/speech-us-gov-0212.wav,16000,1,9599268,599.954,PCM_16,,,,,,,speech-us-gov-0212,us-gov/u,,,
speech-us-gov-0213,speech,us-gov,/content/musan_data/musan/speech/us-gov/speech-us-gov-0213.wav,16000,1,9598850,599.928,PCM_16,,,,,,,speech-us-gov-0213,us-gov/u,,,
speech-us-gov-0214,speech,us-gov,/content/musan_data/musan/speech/us-gov/speech-us-gov-0214.wav,16000,1,9599268,599.954,PCM_16,,,,,,,speech-us-gov-0214,us-gov/u,,,
speech-us-gov-0215,speech,us-gov,/content/musan_data/musan/speech/us-gov/speech-us-gov-0215.wav,16000,1,8592404,537.025,PCM_16,,,,,,,speech-us-gov-0215,us-gov/u,,,
speech-us-gov-0216,speech,us-gov,/content/musan_data/musan/speech/us-gov/speech-us-gov-0216.wav,16000,1,9661536,603.846,PCM_16,,,,,,,speech-us-gov-0216,us-gov/u,,,
speech-us-gov-0217,speech,us-gov,/content/musan_data/musan/speech/us-gov/speech-us-gov-0217.wav,16000,1,9538664,596.167,PCM_16,,,,,,,speech-us-gov-0217,us-gov/u,,,
speech-us-gov-0218,speech,us-gov,/content/musan_data/musan/speech/us-gov/speech-us-gov-0218.wav,16000,1,9599268,599.954,PCM_16,,,,,,,speech-us-gov-0218,us-gov/u,,,
speech-us-gov-0219,speech,us-gov,/content/musan_data/musan/speech/us-gov/speech-us-gov-0219.wav,16000,1,9600512,600.032,PCM_16,,,,,,,speech-us-gov-0219,us-gov/u,,,
speech-us-gov-0220,speech,us-gov,/content/musan_data/musan/speech/us-gov/speech-us-gov-0220.wav,16000,1,9599686,599.98,PCM_16,,,,,,,speech-us-gov-0220,us-gov/u,,,
speech-us-gov-0221,speech,us-gov,/content/musan_data/musan/speech/us-gov/speech-us-gov-0221.wav,16000,1,9599686,599.98,PCM_16,,,,,,,speech-us-gov-0221,us-gov/u,,,
speech-us-gov-0222,speech,us-gov,/content/musan_data/musan/speech/us-gov/speech-us-gov-0222.wav,16000,1,9599268,599.954,PCM_16,,,,,,,speech-us-gov-0222,us-gov/u,,,
speech-us-gov-0223,speech,us-gov,/content/musan_data/musan/speech/us-gov/speech-us-gov-0223.wav,16000,1,9850462,615.654,PCM_16,,,,,,,speech-us-gov-0223,us-gov/u,,,
speech-us-gov-0224,speech,us-gov,/content/musan_data/musan/speech/us-gov/speech-us-gov-0224.wav,16000,1,9348912,584.307,PCM_16,,,,,,,speech-us-gov-0224,us-gov/u,,,
speech-us-gov-0225,speech,us-gov,/content/musan_data/musan/speech/us-gov/speech-us-gov-0225.wav,16000,1,9599686,599.98,PCM_16,,,,,,,speech-us-gov-0225,us-gov/u,,,
speech-us-gov-0226,speech,us-gov,/content/musan_data/musan/speech/us-gov/speech-us-gov-0226.wav,16000,1,9599686,599.98,PCM_16,,,,,,,speech-us-gov-0226,us-gov/u,,,
speech-us-gov-0227,speech,us-gov,/content/musan_data/musan/speech/us-gov/speech-us-gov-0227.wav,16000,1,9599686,599.98,PCM_16,,,,,,,speech-us-gov-0227,us-gov/u,,,
speech-us-gov-0228,speech,us-gov,/content/musan_data/musan/speech/us-gov/speech-us-gov-0228.wav,16000,1,9599686,599.98,PCM_16,,,,,,,speech-us-gov-0228,us-gov/u,,,
speech-us-gov-0229,speech,us-gov,/content/musan_data/musan/speech/us-gov/speech-us-gov-0229.wav,16000,1,1607456,100.466,PCM_16,,,,,,,speech-us-gov-0229,us-gov/u,,,
speech-us-gov-0230,speech,us-gov,/content/musan_data/musan/speech/us-gov/speech-us-gov-0230.wav,16000,1,9600512,600.032,PCM_16,,,,,,,speech-us-gov-0230,us-gov/u,,,
speech-us-gov-0231,speech,us-gov,/content/musan_data/musan/speech/us-gov/speech-us-gov-0231.wav,16000,1,9687456,605.466,PCM_16,,,,,,,speech-us-gov-0231,us-gov/u,,,
speech-us-gov-0232,speech,us-gov,/content/musan_data/musan/speech/us-gov/speech-us-gov-0232.wav,16000,1,9512334,594.521,PCM_16,,,,,,,speech-us-gov-0232,us-gov/u,,,
speech-us-gov-0233,speech,us-gov,/content/musan_data/musan/speech/us-gov/speech-us-gov-0233.wav,16000,1,9600512,600.032,PCM_16,,,,,,,speech-us-gov-0233,us-gov/u,,,
speech-us-gov-0234,speech,us-gov,/content/musan_data/musan/speech/us-gov/speech-us-gov-0234.wav,16000,1,9600512,600.032,PCM_16,,,,,,,speech-us-gov-0234,us-gov/u,,,
speech-us-gov-0235,speech,us-gov,/content/musan_data/musan/speech/us-gov/speech-us-gov-0235.wav,16000,1,9600512,600.032,PCM_16,,,,,,,speech-us-gov-0235,us-gov/u,,,
speech-us-gov-0236,speech,us-gov,/content/musan_data/musan/speech/us-gov/speech-us-gov-0236.wav,16000,1,9600096,600.006,PCM_16,,,,,,,speech-us-gov-0236,us-gov/u,,,
speech-us-gov-0237,speech,us-gov,/content/musan_data/musan/speech/us-gov/speech-us-gov-0237.wav,16000,1,9600104,600.006,PCM_16,,,,,,,speech-us-gov-0237,us-gov/u,,,
speech-us-gov-0238,speech,us-gov,/content/musan_data/musan/speech/us-gov/speech-us-gov-0238.wav,16000,1,9600512,600.032,PCM_16,,,,,,,speech-us-gov-0238,us-gov/u,,,
speech-us-gov-0239,speech,us-gov,/content/musan_data/musan/speech/us-gov/speech-us-gov-0239.wav,16000,1,9600512,600.032,PCM_16,,,,,,,speech-us-gov-0239,us-gov/u,,,
speech-us-gov-0240,speech,us-gov,/content/musan_data/musan/speech/us-gov/speech-us-gov-0240.wav,16000,1,9599686,599.98,PCM_16,,,,,,,speech-us-gov-0240,us-gov/u,,,
speech-us-gov-0241,speech,us-gov,/content/musan_data/musan/speech/us-gov/speech-us-gov-0241.wav,16000,1,7494426,468.402,PCM_16,,,,,,,speech-us-gov-0241,us-gov/u,,,
speech-us-gov-0242,speech,us-gov,/content/musan_data/musan/speech/us-gov/speech-us-gov-0242.wav,16000,1,9342640,583.915,PCM_16,,,,,,,speech-us-gov-0242,us-gov/u,,,
speech-us-gov-0243,speech,us-gov,/content/musan_data/musan/speech/us-gov/speech-us-gov-0243.wav,16000,1,9881392,617.587,PCM_16,,,,,,,speech-us-gov-0243,us-gov/u,,,
speech-us-gov-0244,speech,us-gov,/content/musan_data/musan/speech/us-gov/speech-us-gov-0244.wav,16000,1,9533232,595.827,PCM_16,,,,,,,speech-us-gov-0244,us-gov/u,,,
speech-us-gov-0245,speech,us-gov,/content/musan_data/musan/speech/us-gov/speech-us-gov-0245.wav,16000,1,9642318,602.645,PCM_16,,,,,,,speech-us-gov-0245,us-gov/u,,,
speech-us-gov-0246,speech,us-gov,/content/musan_data/musan/speech/us-gov/speech-us-gov-0246.wav,16000,1,9599686,599.98,PCM_16,,,,,,,speech-us-gov-0246,us-gov/u,,,
speech-us-gov-0247,speech,us-gov,/content/musan_data/musan/speech/us-gov/speech-us-gov-0247.wav,16000,1,9599686,599.98,PCM_16,,,,,,,speech-us-gov-0247,us-gov/u,,,
speech-us-gov-0248,speech,us-gov,/content/musan_data/musan/speech/us-gov/speech-us-gov-0248.wav,16000,1,9220592,576.287,PCM_16,,,,,,,speech-us-gov-0248,us-gov/u,,,
speech-us-gov-0249,speech,us-gov,/content/musan_data/musan/speech/us-gov/speech-us-gov-0249.wav,16000,1,9629362,601.835,PCM_16,,,,,,,speech-us-gov-0249,us-gov/u,,,
speech-us-gov-0250,speech,us-gov,/content/musan_data/musan/speech/us-gov/speech-us-gov-0250.wav,16000,1,2017906,126.119,PCM_16,,,,,,,speech-us-gov-0250,us-gov/u,,,
speech-us-gov-0251,speech,us-gov,/content/musan_data/musan/speech/us-gov/speech-us-gov-0251.wav,16000,1,9600512,600.032,PCM_16,,,,,,,speech-us-gov-0251,us-gov/u,,,
speech-us-gov-0252,speech,us-gov,/content/musan_data/musan/speech/us-gov/speech-us-gov-0252.wav,16000,1,3704784,231.549,PCM_16,,,,,,,speech-us-gov-0252,us-gov/u,,,
